r_kpc,v_km_s,sigma_km_s,r_m,v_m_s,sigma_m_s
8.0,200.0,0.5,2.4685420648e+20,200000.0,500.0
13.156666666666666,200.0,6.0,4.059723137402333e+20,200000.0,6000.0
0.094,201.765,2.5,2.9005369261399997e+18,201765.0,2500.0
0.122,218.694,4.0,3.76452664882e+18,218694.0,4000.0
0.141,232.647,3.0,4.3508053892099994e+18,232647.0,3000.0
0.226,245.43500000000003,3.0,6.97363133306e+18,245435.00000000003,3000.0
0.245,254.888,1.9999999999999856,7.559910073449999e+18,254888.0,1999.9999999999857
0.264,256.341,2.5,8.14618881384e+18,256341.0,2500.0
0.311,248.224,3.0,9.59645727691e+18,248224.0,3000.0
0.376,250.059,3.0,1.1602147704559999e+19,250059.0,3000.0
0.414,251.565,2.5,1.2774705185339998e+19,251565.0,2500.0
0.4709999999999999,250.824,2.5,1.4533541406509996e+19,250824.0,2500.0
0.518,248.006,4.0,1.598380986958e+19,248006.0,4000.0
0.546,243.635,2.0,1.684779959226e+19,243635.0,2000.0
0.565,239.588,2.0,1.7434078332649998e+19,239588.0,2000.0
0.659,229.353,2.0,2.033461525879e+19,229353.0,2000.0
0.6960000000000001,229.259,4.0,2.147631596376e+19,229259.0,4000.0
0.894,222.465,3.0,2.758595757414e+19,222465.0,3000.0
0.941,220.647,4.0,2.9036226037209997e+19,220647.0,4000.0
0.988,217.029,4.0,3.048649450028e+19,217029.0,4000.0
1.035,215.412,2.0,3.1936762963349996e+19,215412.0,2000.0
1.064,212.641,2.0,3.283160946184e+19,212641.0,2000.0
1.082,215.294,3.0,3.3387031426420003e+19,215294.0,3000.0
1.129,216.776,3.0,3.4837299889489998e+19,216776.0,3000.0
1.176,217.559,4.0,3.6287568352559997e+19,217559.0,4000.0
1.205,216.288,3.0,3.7182414851050004e+19,216288.0,3000.0
1.224,212.441,2.0,3.776869359144e+19,212441.0,2000.0
1.318,197.706,3.0,4.066923051758e+19,197706.0,3000.0
1.327,214.282,3.0,4.0946941499869995e+19,214282.0,3000.0
1.365,208.588,2.0,4.211949898065e+19,208588.0,2000.0
1.4590000000000003,197.553,9.0,4.502003590679001e+19,197553.0,9000.0
1.506,207.835,2.5,4.647030436986e+19,207835.0,2500.0
1.5249999999999997,209.188,3.0,4.705658311024999e+19,209188.0,3000.0
1.553,205.318,3.0,4.792057283293e+19,205318.0,3000.0
1.6000000000000003,201.80000000000004,3.0,4.937084129600001e+19,201800.00000000003,3000.0
1.619,195.153,3.0,4.9957120036389994e+19,195153.0,3000.0
1.647,198.082,7.0,5.0821109759069995e+19,198082.0,7000.0
1.694,200.365,3.0,5.227137822214e+19,200365.0,3000.0
1.807,201.982,3.0,5.575819388867e+19,201982.0,3000.0
1.901,200.247,3.0,5.865873081481e+19,200247.0,3000.0
2.005,199.488,3.0,6.186783549904999e+19,199488.0,3000.0
2.071,195.324,2.0,6.390438270251001e+19,195324.0,2000.0
2.221,193.447,3.0,6.853289907401e+19,193447.0,3000.0
2.259,190.353,2.0,6.9705456554789994e+19,190353.0,2000.0
2.306,189.43500000000003,3.0,7.115572501786e+19,189435.00000000003,3000.0
2.4,189.30000000000004,3.0,7.405626194399999e+19,189300.00000000003,3000.0
1.845,201.388,7.0,5.693075136945e+19,201388.0,7000.0
1.939,198.153,1.5,5.983128829559e+19,198153.0,1500.0
2.071,191.324,1.5,6.390438270251001e+19,191324.0,1500.0
2.353,188.118,3.0,7.260599348093e+19,188118.0,3000.0
2.428,193.929,3.0,7.492025166667999e+19,193929.0,3000.0
2.447,190.082,1.5,7.550653040707e+19,190082.0,1500.0
2.494,189.265,2.0,7.695679887014001e+19,189265.0,2000.0
2.541,190.647,2.0,7.840706733321e+19,190647.0,2000.0
2.588,187.529,1.5,7.985733579628e+19,187529.0,1500.0
2.635,189.51200000000003,1.5,8.130760425934999e+19,189512.00000000003,1500.0
2.682,189.794,1.5,8.275787272241999e+19,189794.0,1500.0
2.7290000000000005,188.876,1.5,8.420814118549001e+19,188876.0,1500.0
2.776,188.959,1.5,8.565840964856e+19,188959.0,1500.0
2.824,192.241,2.0,8.713953488743999e+19,192241.0,2000.0
2.871,189.824,2.0,8.858980335051e+19,189824.0,2000.0
2.9180000000000006,192.40600000000003,1.5,9.004007181358001e+19,192406.00000000003,1500.0
2.936,193.559,1.5,9.059549377816e+19,193559.0,1500.0
2.974,185.865,1.5,9.176805125894e+19,185865.0,1500.0
3.031,190.424,1.5,9.352688748011e+19,190424.0,1500.0
3.059,193.353,1.5,9.439087720279e+19,193353.0,1500.0
3.106,191.43500000000003,1.5,9.584114566586e+19,191435.00000000003,1500.0
3.1620000000000004,191.094,1.5,9.756912511122001e+19,191094.0,1500.0
3.2000000000000006,187.7,1.5,9.874168259200002e+19,187700.0,1500.0
3.219,191.453,1.5,9.932796133238999e+19,191453.0,1500.0
3.247,196.682,1.5,1.0019195105506999e+20,196682.0,1500.0
3.304,201.441,1.5,1.0195078727624e+20,201441.0,1500.0
3.3319999999999994,197.071,1.5,1.0281477699891998e+20,197071.0,1500.0
3.369,193.776,1.5,1.0395647770389001e+20,193776.0,1500.0
3.407,195.482,1.5,1.0512903518467e+20,195482.0,1500.0
3.445,197.688,1.5,1.0630159266544999e+20,197688.0,1500.0
3.4820000000000007,197.694,2.0,1.0744329337042002e+20,197694.0,2000.0
3.529,199.176,2.0,1.0889356183348999e+20,199176.0,2000.0
3.576,197.059,2.0,1.1034383029656e+20,197059.0,2000.0
3.614,196.465,1.5,1.1151638777734e+20,196465.0,1500.0
3.671,195.724,2.0,1.1327522399850999e+20,195724.0,2000.0
3.689,198.276,1.5,1.1383064596309e+20,198276.0,1500.0
3.746,197.635,1.5,1.1558948218426e+20,197635.0,1500.0
3.784,201.04100000000005,1.5,1.1676203966503998e+20,201041.00000000006,1500.0
3.821,201.947,1.5,1.1790374037001e+20,201947.0,1500.0
3.859,202.853,1.5,1.1907629785079e+20,202853.0,1500.0
3.896,198.259,1.5,1.2021799855576e+20,198259.0,1500.0
3.953,201.318,1.5,1.2197683477693e+20,201318.0,1500.0
3.972,207.571,1.5,1.2256311351732e+20,207571.0,1500.0
4.009,210.576,1.5,1.2370481422229001e+20,210576.0,1500.0
4.047,212.282,1.5,1.2487737170306998e+20,212282.0,1500.0
4.094,212.565,1.5,1.2632764016614e+20,212565.0,1500.0
4.141,214.147,1.5,1.2777790862920999e+20,214147.0,1500.0
4.188,214.929,1.5,1.2922817709228e+20,214929.0,1500.0
4.235,213.212,1.5,1.3067844555535001e+20,213212.0,1500.0
4.264,206.841,1.2000000000000028,1.3157329205384e+20,206841.0,1200.0000000000027
4.311,207.024,1.5,1.3302356051690999e+20,207024.0,1500.0
4.348,208.629,1.5,1.3416526122187999e+20,208629.0,1500.0
4.386,208.035,2.0,1.3533781870266e+20,208035.0,2000.0
4.424,219.141,1.5,1.3651037618344e+20,219141.0,1500.0
4.452,215.371,3.5,1.3737436590612e+20,215371.0,3500.0
4.48,221.30000000000004,3.0,1.3823835562880002e+20,221300.00000000003,3000.0
4.518,212.706,1.5,1.3941091310957999e+20,212706.0,1500.0
4.565,201.588,1.5,1.4086118157265001e+20,201588.0,1500.0
4.612,200.071,2.0,1.4231145003572e+20,200071.0,2000.0
4.659,202.353,2.0,1.4376171849878998e+20,202353.0,2000.0
4.706,199.235,1.5,1.4521198696186e+20,199235.0,1500.0
4.753,199.118,1.5,1.4666225542493e+20,199118.0,1500.0
4.8,208.2,1.5,1.4811252388799998e+20,208200.0,1500.0
4.838,206.90600000000003,1.5,1.4928508136878e+20,206906.00000000003,1500.0
4.875,207.312,1.5,1.5042678207375e+20,207312.0,1500.0
4.894,213.165,1.5,1.5101306081414e+20,213165.0,1500.0
4.932,210.171,2.0,1.5218561829492002e+20,210171.0,2000.0
4.96,212.2,1.5,1.530496080176e+20,212200.0,1500.0
4.988,212.529,1.5,1.5391359774028002e+20,212529.0,1500.0
5.035,211.412,1.5,1.5536386620335e+20,211412.0,1500.0
5.082,213.494,1.5,1.5681413466642e+20,213494.0,1500.0
5.129,211.776,2.0,1.5826440312948998e+20,211776.0,2000.0
5.176,212.859,1.5,1.5971467159256e+20,212859.0,1500.0
5.214,207.165,1.5,1.6088722907334e+20,207165.0,1500.0
5.271,211.124,1.5,1.6264606529451e+20,211124.0,1500.0
5.299,209.153,1.5,1.6351005501719e+20,209153.0,1500.0
5.336000000000001,209.459,1.5,1.6465175572216005e+20,209459.0,1500.0
5.364999999999999,207.588,2.0,1.6554660222064997e+20,207588.0,2000.0
5.412,207.471,1.5,1.6699687068372e+20,207471.0,1500.0
5.459,203.353,1.5,1.6844713914678998e+20,203353.0,1500.0
5.506,205.535,1.5,1.6989740760986e+20,205535.0,1500.0
5.534,206.465,1.5,1.7076139733254e+20,206465.0,1500.0
5.572,211.071,1.5,1.7193395481332e+20,211071.0,1500.0
5.608999999999999,209.976,1.5,1.7307565551828995e+20,209976.0,1500.0
5.666,212.035,2.0,1.7483449173946e+20,212035.0,2000.0
5.694,209.765,1.5,1.7569848146213998e+20,209765.0,1500.0
5.741,209.947,1.5,1.7714874992521e+20,209947.0,1500.0
5.788,209.029,1.5,1.7859901838828002e+20,209029.0,1500.0
5.854,209.565,1.5,1.8063556559174e+20,209565.0,1500.0
5.910999999999999,204.824,3.0,1.8239440181290995e+20,204824.0,3000.0
5.928999999999999,208.376,1.5,1.8294982377748998e+20,208376.0,1500.0
5.976,210.059,1.5,1.8440009224056e+20,210059.0,1500.0
6.024,214.141,1.5,1.8588121747944e+20,214141.0,1500.0
6.052,220.471,1.5,1.8674520720211997e+20,220471.0,1500.0
6.108,222.729,1.5,1.8847318664747998e+20,222729.0,1500.0
6.146,203.635,1.5,1.8964574412825998e+20,203635.0,1500.0
6.1930000000000005,204.818,1.5,1.9109601259133e+20,204818.0,1500.0
6.212,218.671,1.5,1.9168229133172e+20,218671.0,1500.0
6.259,218.853,1.5,1.9313255979479e+20,218853.0,1500.0
6.306,220.735,1.5,1.9458282825786e+20,220735.0,1500.0
6.344,224.04100000000005,1.5,1.9575538573864e+20,224041.00000000006,1500.0
6.361999999999999,224.694,1.5,1.9631080770321996e+20,224694.0,1500.0
6.400000000000001,227.7,3.5,1.9748336518400003e+20,227700.0,3500.0
6.447,220.882,1.5,1.9893363364707e+20,220882.0,1500.0
6.494,204.965,2.0,2.0038390211013997e+20,204965.0,2000.0
6.541,207.647,1.5,2.0183417057321e+20,207647.0,1500.0
6.588,207.82900000000004,15.0,2.0328443903627998e+20,207829.00000000003,15000.0
6.635000000000001,209.412,2.0,2.0473470749935e+20,209412.0,2000.0
6.682,208.994,2.0,2.0618497596242002e+20,208994.0,2000.0
6.729,208.176,2.0,2.0763524442549e+20,208176.0,2000.0
6.758,210.106,1.5,2.0853009092398e+20,210106.0,1500.0
6.776,208.659,1.5,2.0908551288856e+20,208659.0,1500.0
6.814,214.965,2.0,2.1025807036934e+20,214965.0,2000.0
6.852,202.071,1.5,2.1143062785012e+20,202071.0,1500.0
6.889,205.776,1.5,2.1257232855509e+20,205776.0,1500.0
6.918,205.40600000000003,1.5,2.1346717505358e+20,205406.00000000003,1500.0
6.965,210.088,1.5,2.1491744351665e+20,210088.0,1500.0
7.012,201.671,1.5,2.1636771197971998e+20,201671.0,1500.0
7.059,210.953,1.5,2.1781798044279e+20,210953.0,1500.0
7.105999999999999,207.43500000000003,2.0,2.1926824890585996e+20,207435.00000000003,2000.0
7.153,208.818,2.0,2.2071851736892998e+20,208818.0,2000.0
7.2,206.0,2.0,2.22168785832e+20,206000.0,2000.0
7.219,207.553,1.1999999999999886,2.2275506457239e+20,207553.0,1199.9999999999886
7.266000000000001,202.635,1.6000000000000083,2.2420533303546003e+20,202635.0,1600.0000000000084
7.322,205.994,1.5,2.2593331248082e+20,205994.0,1500.0
7.341,201.847,1.5,2.2651959122121e+20,201847.0,1500.0
7.36,200.6,1.5,2.271058699616e+20,200600.0,1500.0
7.435,205.412,4.0,2.2942012814735e+20,205412.0,4000.0
7.473,205.318,1.5,2.3059268562813e+20,205318.0,1500.0
7.511,209.224,3.0,2.3176524310891e+20,209224.0,3000.0
7.558,204.906,1.2000000000000028,2.3321551157198e+20,204906.0,1200.0000000000027
7.567,205.282,1.2000000000000028,2.3349322255427e+20,205282.0,1200.0000000000027
7.624,200.241,1.2999999999999972,2.3525205877543997e+20,200241.0,1299.9999999999973
7.671,200.424,1.5,2.3670232723851e+20,200424.0,1500.0
7.718,202.706,1.5,2.3815259570158e+20,202706.0,1500.0
7.755,199.812,1.2999999999999972,2.3929429640655e+20,199812.0,1299.9999999999973
7.774,199.565,1.5,2.3988057514694e+20,199565.0,1500.0
7.812,202.471,1.5,2.4105313262772e+20,202471.0,1500.0
7.858999999999999,211.553,1.5,2.4250340109078997e+20,211553.0,1500.0
7.906,209.835,1.5,2.4395366955386e+20,209835.0,1500.0
7.953,211.118,1.5,2.4540393801693e+20,211118.0,1500.0
8.0,207.5,1.5,2.4685420648e+20,207500.0,1500.0
2.071,201.064,0.5,6.390438270251001e+19,201064.0,500.0
2.205,195.427,0.5,6.803919066105e+19,195427.0,500.0
2.339,190.574,0.5,7.217399861959e+19,190574.0,500.0
2.472,191.103,0.5,7.627794980232e+19,191103.0,500.0
2.605,189.914,0.5,8.038190098504999e+19,189914.0,500.0
2.736,191.70400000000004,0.5,8.442413861616001e+19,191704.00000000003,500.0
2.8669999999999995,192.674,0.5,8.846637624726998e+19,192674.0,500.0
2.997,190.221,0.5,9.247775710257e+19,190221.0,500.0
3.126,193.146,0.5,9.645828118205999e+19,193146.0,500.0
3.254,217.847,0.5,1.0040794848574e+20,217847.0,500.0
3.381,216.824,0.5,1.0432675901361e+20,216824.0,500.0
3.507,200.174,0.5,1.0821471276567e+20,200174.0,500.0
3.632,197.198,0.5,1.1207180974192e+20,197198.0,500.0
3.756,199.594,0.5,1.1589804994235998e+20,199594.0,500.0
3.878,202.862,0.5,1.1966257659118e+20,202862.0,500.0
4.0,208.7,0.5,1.2342710324e+20,208700.0,500.0
4.12,235.308,0.5,1.271299163372e+20,235308.0,500.0
4.239,212.984,0.5,1.3080187265858999e+20,212984.0,500.0
4.357,212.728,0.5,1.3444297220417e+20,212728.0,500.0
4.474,214.239,0.5,1.3805321497394e+20,214239.0,500.0
4.589,211.315,0.5,1.4160174419209001e+20,211315.0,500.0
4.702,206.557,0.5,1.4508855985861999e+20,206557.0,500.0
4.815,209.363,0.5,1.4857537552515e+20,209363.0,500.0
4.925,211.132,0.5,1.5196962086425e+20,211132.0,500.0
5.035,212.264,0.5,1.5536386620335e+20,212264.0,500.0
5.142,205.85800000000003,0.5,1.5866554121502e+20,205858.00000000003,500.0
5.248,207.412,0.5,1.6193635945088002e+20,207412.0,500.0
5.352999999999999,205.926,0.5,1.6517632091092995e+20,205926.0,500.0
5.456,210.6,0.5,1.6835456881936e+20,210600.0,500.0
5.557,208.432,0.5,1.7147110317617e+20,208432.0,500.0
5.657,208.821,0.5,1.7455678075717e+20,208821.0,500.0
5.755,210.068,0.5,1.7758074478655e+20,210068.0,500.0
5.851,213.871,0.5,1.8054299526431e+20,213871.0,500.0
6.038,217.642,0.5,1.8631321234078e+20,217642.0,500.0
6.128,218.609,0.5,1.8909032216368e+20,218609.0,500.0
6.217,219.129,0.5,1.9183657521076997e+20,219129.0,500.0
6.303999999999999,220.702,0.5,1.9452111470623998e+20,220702.0,500.0
6.389,222.527,0.5,1.9714394065009e+20,222527.0,500.0
6.472,216.103,0.5,1.9970505304232e+20,216103.0,500.0
6.553,209.43,0.5,2.0220445188292998e+20,209430.0,500.0
6.632000000000001,211.207,0.5,2.0464213717192e+20,211207.0,500.0
6.709,207.734,0.5,2.0701810890929e+20,207734.0,500.0
6.784,209.51,0.5,2.0933236709504e+20,209510.0,500.0
6.857,210.23300000000003,0.5,2.1158491172917e+20,210233.00000000003,500.0
6.928,209.405,0.5,2.1377574281167998e+20,209405.0,500.0
6.997,208.424,0.5,2.1590486034257e+20,208424.0,500.0
7.064,207.289,0.5,2.1797226432184e+20,207289.0,500.0
7.128,219.101,0.5,2.1994709797367998e+20,219101.0,500.0
7.19,205.359,0.5,2.218602180739e+20,205359.0,500.0
7.25,206.162,0.5,2.237116246225e+20,206162.0,500.0
7.308,203.009,0.5,2.2550131761948e+20,203009.0,500.0
7.364,208.201,0.5,2.2722929706484e+20,208201.0,500.0
7.416999999999999,200.63700000000003,0.5,2.2886470618276997e+20,200637.00000000003,500.0
7.469,203.116,0.5,2.3046925852489e+20,203116.0,500.0
7.518,202.039,0.5,2.3198124053957997e+20,202039.0,500.0
7.564,200.904,0.5,2.3340065222684e+20,200904.0,500.0
7.608,201.711,0.5,2.3475835036248e+20,201711.0,500.0
7.650000000000001,202.561,0.5,2.3605433494650002e+20,202561.0,500.0
7.69,202.052,0.5,2.372886059789e+20,202052.0,500.0
7.727,201.285,0.5,2.3843030668387e+20,201285.0,500.0
7.762,203.659,0.5,2.3951029383722e+20,203659.0,500.0
7.794999999999999,204.074,0.5,2.4052856743894997e+20,204074.0,500.0
7.825,208.82900000000004,0.5,2.4145427071325e+20,208829.00000000003,500.0
7.852999999999999,211.725,0.5,2.4231826043592996e+20,211725.0,500.0
7.878,209.162,0.5,2.4308967983118e+20,209162.0,500.0
7.902,210.638,0.5,2.4383024245062e+20,210638.0,500.0
7.922,213.154,0.5,2.4444737796681997e+20,213154.0,500.0
7.94,225.509,0.5,2.450027999314e+20,225509.0,500.0
7.956,235.504,0.5,2.4549650834436e+20,235504.0,500.0
7.97,209.039,0.5,2.4592850320569998e+20,209039.0,500.0
7.980999999999999,210.413,0.5,2.4626792773960997e+20,210413.0,500.0
7.989,208.726,0.5,2.4651478194609e+20,208726.0,500.0
7.995,211.778,0.5,2.4669992260095e+20,211778.0,500.0
7.999,209.67,0.5,2.4682334970418997e+20,209670.0,500.0
7.999,200.07,0.5,2.4682334970418997e+20,200070.0,500.0
7.995,200.078,0.5,2.4669992260095e+20,200078.0,500.0
7.989,200.526,0.5,2.4651478194609e+20,200526.0,500.0
7.980999999999999,200.013,0.5,2.4626792773960997e+20,200013.0,500.0
7.97,203.039,0.5,2.4592850320569998e+20,203039.0,500.0
7.956,202.104,0.5,2.4549650834436e+20,202104.0,500.0
7.94,202.109,0.5,2.450027999314e+20,202109.0,500.0
7.922,203.95400000000004,0.5,2.4444737796681997e+20,203954.00000000003,500.0
7.902,202.138,0.5,2.4383024245062e+20,202138.0,500.0
7.878,202.562,0.5,2.4308967983118e+20,202562.0,500.0
7.852999999999999,202.625,0.5,2.4231826043592996e+20,202625.0,500.0
7.825,204.43,0.5,2.4145427071325e+20,204430.0,500.0
7.794999999999999,205.574,0.5,2.4052856743894997e+20,205574.0,500.0
7.762,206.659,0.5,2.3951029383722e+20,206659.0,500.0
7.727,207.985,0.5,2.3843030668387e+20,207985.0,500.0
7.69,209.75200000000004,0.5,2.372886059789e+20,209752.00000000003,500.0
7.650000000000001,207.161,0.5,2.3605433494650002e+20,207161.0,500.0
7.608,206.111,0.5,2.3475835036248e+20,206111.0,500.0
7.564,205.904,0.5,2.3340065222684e+20,205904.0,500.0
7.518,197.939,0.5,2.3198124053957997e+20,197939.0,500.0
7.469,205.016,0.5,2.3046925852489e+20,205016.0,500.0
7.416999999999999,206.63700000000003,0.5,2.2886470618276997e+20,206637.00000000003,500.0
7.364,206.801,0.5,2.2722929706484e+20,206801.0,500.0
7.308,207.009,0.5,2.2550131761948e+20,207009.0,500.0
7.25,206.462,0.5,2.237116246225e+20,206462.0,500.0
7.19,208.559,0.5,2.218602180739e+20,208559.0,500.0
7.128,211.401,0.5,2.1994709797367998e+20,211401.0,500.0
7.064,210.29,0.5,2.1797226432184e+20,210290.0,500.0
6.997,205.624,0.5,2.1590486034257e+20,205624.0,500.0
6.928,208.605,0.5,2.1377574281167998e+20,208605.0,500.0
6.857,210.834,0.5,2.1158491172917e+20,210834.0,500.0
6.784,211.21,0.5,2.0933236709504e+20,211210.0,500.0
6.709,213.234,0.5,2.0701810890929e+20,213234.0,500.0
6.632000000000001,211.308,0.5,2.0464213717192e+20,211308.0,500.0
6.553,208.731,0.5,2.0220445188292998e+20,208731.0,500.0
6.472,202.804,0.5,1.9970505304232e+20,202804.0,500.0
6.389,208.327,0.5,1.9714394065009e+20,208327.0,500.0
6.303999999999999,213.602,0.5,1.9452111470623998e+20,213602.0,500.0
6.217,213.429,0.5,1.9183657521076997e+20,213429.0,500.0
6.128,213.209,0.5,1.8909032216368e+20,213209.0,500.0
6.038,213.242,0.5,1.8631321234078e+20,213242.0,500.0
5.945,209.32900000000004,0.5,1.8344353219045e+20,209329.00000000003,500.0
5.851,206.271,0.5,1.8054299526431e+20,206271.0,500.0
5.755,205.068,0.5,1.7758074478655e+20,205068.0,500.0
5.657,203.922,0.5,1.7455678075717e+20,203922.0,500.0
5.557,199.632,0.5,1.7147110317617e+20,199632.0,500.0
5.456,197.6,0.5,1.6835456881936e+20,197600.0,500.0
5.352999999999999,195.826,0.5,1.6517632091092995e+20,195826.0,500.0
5.248,200.912,0.5,1.6193635945088002e+20,200912.0,500.0
5.142,201.058,0.5,1.5866554121502e+20,201058.0,500.0
5.035,202.864,0.5,1.5536386620335e+20,202864.0,500.0
4.925,202.632,0.5,1.5196962086425e+20,202632.0,500.0
4.815,204.063,0.5,1.4857537552515e+20,204063.0,500.0
4.702,200.557,0.5,1.4508855985861999e+20,200557.0,500.0
4.589,204.415,0.5,1.4160174419209001e+20,204415.0,500.0
4.474,203.739,0.5,1.3805321497394e+20,203739.0,500.0
4.357,205.328,0.5,1.3444297220417e+20,205328.0,500.0
4.239,209.084,0.5,1.3080187265858999e+20,209084.0,500.0
4.12,230.10800000000003,0.5,1.271299163372e+20,230108.00000000003,500.0
4.0,224.5,0.5,1.2342710324e+20,224500.0,500.0
3.878,224.462,0.5,1.1966257659118e+20,224462.0,500.0
3.756,219.795,0.5,1.1589804994235998e+20,219795.0,500.0
3.632,201.198,0.5,1.1207180974192e+20,201198.0,500.0
3.507,200.074,0.5,1.0821471276567e+20,200074.0,500.0
3.381,202.324,0.5,1.0432675901361e+20,202324.0,500.0
3.254,206.147,0.5,1.0040794848574e+20,206147.0,500.0
3.126,203.246,0.5,9.645828118205999e+19,203246.0,500.0
2.997,197.922,0.5,9.247775710257e+19,197922.0,500.0
2.8669999999999995,199.174,0.5,8.846637624726998e+19,199174.0,500.0
2.736,196.804,0.5,8.442413861616001e+19,196804.0,500.0
2.605,198.914,0.5,8.038190098504999e+19,198914.0,500.0
2.472,199.804,0.5,7.627794980232e+19,199804.0,500.0
2.339,208.375,0.5,7.217399861959e+19,208375.0,500.0
2.205,204.628,0.5,6.803919066105e+19,204628.0,500.0
2.071,212.064,0.5,6.390438270251001e+19,212064.0,500.0
6.324333333333333,180.741,12.406999999999996,1.9514853581437665e+20,180741.0,12406.999999999996
6.277666666666666,181.356,10.885000000000003,1.937085529432433e+20,181356.0,10885.000000000004
6.2123333333333335,245.23233333333332,15.298500000000004,1.9169257692365665e+20,245232.3333333333,15298.500000000004
7.830333333333333,238.754,21.996999999999986,2.4161884018423664e+20,238754.0,21996.999999999985
5.902333333333334,204.58,9.036,1.8212697642255666e+20,204580.0,9036.0
6.095,204.04533333333333,16.82650000000001,1.8807204856195e+20,204045.33333333334,16826.50000000001
5.285666666666667,235.4143333333333,20.798500000000004,1.6309863133972333e+20,235414.3333333333,20798.500000000004
6.142,219.01433333333333,4.789500000000004,1.8952231702502002e+20,219014.3333333333,4789.500000000004
5.224333333333334,201.0916666666667,20.1665,1.6120608242337667e+20,201091.6666666667,20166.5
5.293666666666667,201.8693333333333,18.21650000000001,1.633454855462033e+20,201869.33333333328,18216.50000000001
6.346666666666667,218.229,12.11800000000001,1.9583767047413334e+20,218229.0,12118.00000000001
7.399666666666666,212.58766666666668,5.089500000000001,2.283298554020633e+20,212587.6666666667,5089.500000000001
7.228666666666666,208.77666666666664,2.1965000000000003,2.2305334673855332e+20,208776.66666666663,2196.5000000000005
7.146,200.8803333333333,2.0715000000000003,2.2050251993825998e+20,200880.3333333333,2071.5000000000005
7.205000000000001,201.43566666666663,1.8185,2.2232306971105e+20,201435.66666666663,1818.5
7.393333333333333,205.94,3.7239999999999895,2.2813442915526663e+20,205940.0,3723.9999999999895
9.194333333333336,201.86533333333333,35.9785,2.8370748238907674e+20,201865.3333333333,35978.5
7.590666666666667,203.4813333333333,0.4274999999999949,2.3422349958177335e+20,203481.3333333333,427.4999999999949
8.055333333333332,201.386,10.211,2.485616147414866e+20,201386.0,10211.0
8.048,197.1443333333333,3.3545000000000016,2.4833533171888e+20,197144.33333333328,3354.500000000002
7.965,199.12966666666668,3.0134999999999934,2.4577421932665e+20,199129.6666666667,3013.4999999999936
7.995,203.38,1.522999999999996,2.4669992260095e+20,203380.0,1522.999999999996
9.346,162.47133333333335,18.102500000000006,2.8838742672026e+20,162471.33333333334,18102.500000000007
8.606666666666667,168.31133333333335,5.749499999999998,2.6557398380473336e+20,168311.33333333334,5749.499999999997
8.138,211.65166666666664,1.2824999999999989,2.5111244154177998e+20,211651.66666666663,1282.4999999999989
8.092,202.09333333333333,1.0365000000000038,2.4969302985452002e+20,202093.33333333334,1036.5000000000036
11.403666666666666,149.153,41.215,3.518803857453033e+20,149153.0,41215.0
10.747,170.27166666666665,38.8065,3.3161776963007e+20,170271.66666666666,38806.5
8.072666666666667,187.49366666666663,0.978500000000011,2.4909646552219333e+20,187493.66666666663,978.500000000011
9.833999999999998,184.67,22.90900000000001,3.034455333155399e+20,184670.0,22909.00000000001
8.259666666666666,189.373,2.5919999999999987,2.548666825986633e+20,189373.0,2591.9999999999986
8.461666666666666,188.915,4.069000000000003,2.610997513122833e+20,188915.0,4069.0000000000027
8.177333333333335,193.44133333333332,2.200499999999991,2.523261413903067e+20,193441.3333333333,2200.499999999991
9.446666666666667,179.11033333333333,15.944500000000003,2.9149367548513334e+20,179110.33333333334,15944.500000000004
8.305,198.369,1.4269999999999925,2.5626552310205e+20,198369.0,1426.9999999999925
9.577,188.01666666666665,4.5535,2.9551534193237e+20,188016.66666666666,4553.5
10.97,350.982,30.703000000000003,3.384988306357e+20,350982.0,30703.000000000004
8.562333333333333,201.02566666666667,4.798500000000004,2.6420600007715665e+20,201025.66666666666,4798.500000000005
11.839,215.60566666666668,38.703500000000005,3.6531336881459e+20,215605.6666666667,38703.50000000001
11.839,215.60566666666668,38.703500000000005,3.6531336881459e+20,215605.6666666667,38703.50000000001
9.207,177.061,6.248999999999995,2.8409833488267002e+20,177061.0,6248.999999999995
9.396333333333333,164.06,13.789,2.8994055110269665e+20,164060.0,13789.0
9.585,167.46033333333332,18.9545,2.9576219613885e+20,167460.3333333333,18954.5
9.409999999999998,169.4463333333333,13.84750000000001,2.9036226037209992e+20,169446.3333333333,13847.500000000011
9.869,187.17366666666663,18.179500000000004,3.0452552046888996e+20,187173.66666666663,18179.500000000004
9.163666666666666,173.001,11.277999999999992,2.827612079309033e+20,173001.0,11277.99999999999
8.784999999999998,179.804,7.085999999999999,2.7107677549084993e+20,179804.0,7085.999999999999
10.242,198.292,21.38300000000001,3.1603509784602005e+20,198292.0,21383.00000000001
9.291000000000002,174.9766666666667,11.362499999999995,2.8669030405071005e+20,174976.6666666667,11362.499999999995
9.617666666666668,192.827,15.834000000000003,2.9677018414864335e+20,192827.0,15834.000000000004
8.98,159.93500000000003,8.015999999999991,2.770938467738e+20,159935.00000000003,8015.999999999991
9.52,190.702,13.823000000000008,2.9375650571119998e+20,190702.0,13823.000000000007
9.382666666666667,191.772,12.310000000000002,2.8951884183329335e+20,191772.0,12310.000000000002
9.572333333333331,163.145,8.346000000000004,2.953713436452566e+20,163145.0,8346.000000000004
9.669333333333334,220.8323333333333,6.9465,2.983644508988267e+20,220832.3333333333,6946.5
8.628,196.398,6.778999999999996,2.6623226168868e+20,196398.0,6778.999999999996
10.996666666666668,211.471,18.716000000000008,3.3932167799063334e+20,211471.0,18716.000000000007
15.112666666666664,259.0593333333333,19.3595,4.663281672245932e+20,259059.3333333333,19359.5
15.705333333333334,177.10500000000002,58.432,4.8461594968798665e+20,177105.00000000003,58432.0
13.569,190.13466666666667,43.593500000000006,4.1869559096589e+20,190134.6666666667,43593.50000000001
13.685,196.967,14.566999999999991,4.2227497695985e+20,196967.0,14566.99999999999
12.992,231.11,19.758,4.0089123132352004e+20,231110.0,19758.0
12.022,195.99566666666664,14.974500000000006,3.7096015878782e+20,195995.66666666663,14974.500000000005
8.378,231.71366666666668,9.1635,2.5851806773618e+20,231713.6666666667,9163.5
11.456666666666669,219.98,30.348,3.535157948632334e+20,219980.0,30348.0
12.335333333333333,203.36333333333332,10.183499999999997,3.806286152082866e+20,203363.3333333333,10183.499999999996
16.197,198.296,64.642,4.9978719779456995e+20,198296.0,64641.99999999999
8.436,209.6013333333333,5.3444999999999965,2.6030776073315998e+20,209601.33333333328,5344.499999999996
8.383333333333333,165.66133333333337,3.577500000000001,2.5868263720716665e+20,165661.33333333337,3577.500000000001
11.694,201.97833333333332,24.650499999999997,3.6083913632214005e+20,201978.3333333333,24650.499999999996
12.655666666666669,210.21566666666664,12.373499999999993,3.905130690594234e+20,210215.66666666663,12373.499999999993
8.741,199.124,4.319999999999993,2.6971907735520998e+20,199124.0,4319.999999999993
9.453333333333331,199.12,4.621000000000009,2.916993873238666e+20,199120.0,4621.000000000009
8.440666666666667,192.5573333333333,3.463499999999996,2.6045175902027334e+20,192557.3333333333,3463.499999999996
16.488,213.22466666666665,70.4385,5.0876651955527995e+20,213224.66666666666,70438.5
12.716333333333331,182.3673333333333,18.911500000000004,3.9238504679189656e+20,182367.3333333333,18911.500000000004
14.26,211.37366666666665,16.742500000000007,4.400176230506e+20,211373.66666666666,16742.500000000007
10.700666666666669,208.6173333333333,17.786500000000004,3.3018807235087335e+20,208617.3333333333,17786.500000000004
10.508,143.70166666666668,26.402500000000003,3.2424300021148e+20,143701.6666666667,26402.500000000004
8.862,192.245,3.079000000000008,2.7345274722822e+20,192245.0,3079.000000000008
11.744666666666664,224.305,33.041,3.6240254629651323e+20,224305.0,33041.0
11.3,195.92066666666665,12.5385,3.48681566653e+20,195920.66666666666,12538.5
12.465000000000002,205.838,19.461,3.8462971047165e+20,205838.0,19461.0
9.498,212.639,13.006,2.9307765664337995e+20,212639.0,13006.0
11.841,215.109,29.355000000000004,3.6537508236620995e+20,215109.0,29355.000000000004
9.447,169.068,9.088000000000008,2.9150396107706997e+20,169068.0,9088.000000000007
12.049,219.96400000000003,16.943000000000012,3.7179329173469e+20,219964.00000000003,16943.00000000001
8.853,192.623,7.911000000000001,2.7317503624593e+20,192623.0,7911.000000000002
10.506666666666666,187.622,11.14800000000001,3.242018578437333e+20,187622.0,11148.000000000011
16.083,319.1943333333333,67.63349999999998,4.9626952535222996e+20,319194.3333333333,67633.49999999999
6.324333333333333,180.741,12.406999999999996,1.9514853581437665e+20,180741.0,12406.999999999996
6.277666666666666,181.356,10.885000000000003,1.937085529432433e+20,181356.0,10885.000000000004
6.2123333333333335,245.23233333333332,15.298500000000004,1.9169257692365665e+20,245232.3333333333,15298.500000000004
7.830333333333333,238.754,21.996999999999986,2.4161884018423664e+20,238754.0,21996.999999999985
5.902333333333334,204.58,9.036,1.8212697642255666e+20,204580.0,9036.0
6.095,204.04533333333333,16.82650000000001,1.8807204856195e+20,204045.33333333334,16826.50000000001
5.285666666666667,235.4143333333333,20.798500000000004,1.6309863133972333e+20,235414.3333333333,20798.500000000004
6.142,219.01433333333333,4.789500000000004,1.8952231702502002e+20,219014.3333333333,4789.500000000004
5.224333333333334,201.0916666666667,20.1665,1.6120608242337667e+20,201091.6666666667,20166.5
5.293666666666667,201.8693333333333,18.21650000000001,1.633454855462033e+20,201869.33333333328,18216.50000000001
6.346666666666667,218.229,12.11800000000001,1.9583767047413334e+20,218229.0,12118.00000000001
7.399666666666666,212.58766666666668,5.089500000000001,2.283298554020633e+20,212587.6666666667,5089.500000000001
7.228666666666666,208.77666666666664,2.1965000000000003,2.2305334673855332e+20,208776.66666666663,2196.5000000000005
7.146,200.8803333333333,2.0715000000000003,2.2050251993825998e+20,200880.3333333333,2071.5000000000005
7.205000000000001,201.43566666666663,1.8185,2.2232306971105e+20,201435.66666666663,1818.5
7.393333333333333,205.94,3.7239999999999895,2.2813442915526663e+20,205940.0,3723.9999999999895
9.194333333333336,201.86533333333333,35.9785,2.8370748238907674e+20,201865.3333333333,35978.5
7.590666666666667,203.4813333333333,0.4274999999999949,2.3422349958177335e+20,203481.3333333333,427.4999999999949
8.055333333333332,201.386,10.211,2.485616147414866e+20,201386.0,10211.0
8.048,197.1443333333333,3.3545000000000016,2.4833533171888e+20,197144.33333333328,3354.500000000002
7.965,199.12966666666668,3.0134999999999934,2.4577421932665e+20,199129.6666666667,3013.4999999999936
7.995,203.38,1.522999999999996,2.4669992260095e+20,203380.0,1522.999999999996
9.346,162.47133333333335,18.102500000000006,2.8838742672026e+20,162471.33333333334,18102.500000000007
8.606666666666667,168.31133333333335,5.749499999999998,2.6557398380473336e+20,168311.33333333334,5749.499999999997
8.138,211.65166666666664,1.2824999999999989,2.5111244154177998e+20,211651.66666666663,1282.4999999999989
8.092,202.09333333333333,1.0365000000000038,2.4969302985452002e+20,202093.33333333334,1036.5000000000036
11.403666666666666,149.153,41.215,3.518803857453033e+20,149153.0,41215.0
10.747,170.27166666666665,38.8065,3.3161776963007e+20,170271.66666666666,38806.5
8.072666666666667,187.49366666666663,0.978500000000011,2.4909646552219333e+20,187493.66666666663,978.500000000011
9.833999999999998,184.67,22.90900000000001,3.034455333155399e+20,184670.0,22909.00000000001
8.259666666666666,189.373,2.5919999999999987,2.548666825986633e+20,189373.0,2591.9999999999986
8.461666666666666,188.915,4.069000000000003,2.610997513122833e+20,188915.0,4069.0000000000027
8.177333333333335,193.44133333333332,2.200499999999991,2.523261413903067e+20,193441.3333333333,2200.499999999991
9.446666666666667,179.11033333333333,15.944500000000003,2.9149367548513334e+20,179110.33333333334,15944.500000000004
8.305,198.369,1.4269999999999925,2.5626552310205e+20,198369.0,1426.9999999999925
9.577,188.01666666666665,4.5535,2.9551534193237e+20,188016.66666666666,4553.5
10.97,350.982,30.703000000000003,3.384988306357e+20,350982.0,30703.000000000004
8.562333333333333,201.02566666666667,4.798500000000004,2.6420600007715665e+20,201025.66666666666,4798.500000000005
11.839,215.60566666666668,38.703500000000005,3.6531336881459e+20,215605.6666666667,38703.50000000001
11.839,215.60566666666668,38.703500000000005,3.6531336881459e+20,215605.6666666667,38703.50000000001
9.207,177.061,6.248999999999995,2.8409833488267002e+20,177061.0,6248.999999999995
9.396333333333333,164.06,13.789,2.8994055110269665e+20,164060.0,13789.0
9.585,167.46033333333332,18.9545,2.9576219613885e+20,167460.3333333333,18954.5
9.409999999999998,169.4463333333333,13.84750000000001,2.9036226037209992e+20,169446.3333333333,13847.500000000011
9.869,187.17366666666663,18.179500000000004,3.0452552046888996e+20,187173.66666666663,18179.500000000004
9.163666666666666,173.001,11.277999999999992,2.827612079309033e+20,173001.0,11277.99999999999
8.784999999999998,179.804,7.085999999999999,2.7107677549084993e+20,179804.0,7085.999999999999
10.242,198.292,21.38300000000001,3.1603509784602005e+20,198292.0,21383.00000000001
9.291000000000002,174.9766666666667,11.362499999999995,2.8669030405071005e+20,174976.6666666667,11362.499999999995
9.617666666666668,192.827,15.834000000000003,2.9677018414864335e+20,192827.0,15834.000000000004
8.98,159.93500000000003,8.015999999999991,2.770938467738e+20,159935.00000000003,8015.999999999991
9.52,190.702,13.823000000000008,2.9375650571119998e+20,190702.0,13823.000000000007
9.382666666666667,191.772,12.310000000000002,2.8951884183329335e+20,191772.0,12310.000000000002
9.572333333333331,163.145,8.346000000000004,2.953713436452566e+20,163145.0,8346.000000000004
9.669333333333334,220.8323333333333,6.9465,2.983644508988267e+20,220832.3333333333,6946.5
8.628,196.398,6.778999999999996,2.6623226168868e+20,196398.0,6778.999999999996
10.996666666666668,211.471,18.716000000000008,3.3932167799063334e+20,211471.0,18716.000000000007
15.112666666666664,259.0593333333333,19.3595,4.663281672245932e+20,259059.3333333333,19359.5
15.705333333333334,177.10500000000002,58.432,4.8461594968798665e+20,177105.00000000003,58432.0
13.569,190.13466666666667,43.593500000000006,4.1869559096589e+20,190134.6666666667,43593.50000000001
13.685,196.967,14.566999999999991,4.2227497695985e+20,196967.0,14566.99999999999
12.992,231.11,19.758,4.0089123132352004e+20,231110.0,19758.0
12.022,195.99566666666664,14.974500000000006,3.7096015878782e+20,195995.66666666663,14974.500000000005
8.378,231.71366666666668,9.1635,2.5851806773618e+20,231713.6666666667,9163.5
11.456666666666669,219.98,30.348,3.535157948632334e+20,219980.0,30348.0
12.335333333333333,203.36333333333332,10.183499999999997,3.806286152082866e+20,203363.3333333333,10183.499999999996
16.197,198.296,64.642,4.9978719779456995e+20,198296.0,64641.99999999999
8.436,209.6013333333333,5.3444999999999965,2.6030776073315998e+20,209601.33333333328,5344.499999999996
8.383333333333333,165.66133333333337,3.577500000000001,2.5868263720716665e+20,165661.33333333337,3577.500000000001
11.694,201.97833333333332,24.650499999999997,3.6083913632214005e+20,201978.3333333333,24650.499999999996
12.655666666666669,210.21566666666664,12.373499999999993,3.905130690594234e+20,210215.66666666663,12373.499999999993
8.741,199.124,4.319999999999993,2.6971907735520998e+20,199124.0,4319.999999999993
9.453333333333331,199.12,4.621000000000009,2.916993873238666e+20,199120.0,4621.000000000009
8.440666666666667,192.5573333333333,3.463499999999996,2.6045175902027334e+20,192557.3333333333,3463.499999999996
16.488,213.22466666666665,70.4385,5.0876651955527995e+20,213224.66666666666,70438.5
12.716333333333331,182.3673333333333,18.911500000000004,3.9238504679189656e+20,182367.3333333333,18911.500000000004
14.26,211.37366666666665,16.742500000000007,4.400176230506e+20,211373.66666666666,16742.500000000007
10.700666666666669,208.6173333333333,17.786500000000004,3.3018807235087335e+20,208617.3333333333,17786.500000000004
10.508,143.70166666666668,26.402500000000003,3.2424300021148e+20,143701.6666666667,26402.500000000004
8.862,192.245,3.079000000000008,2.7345274722822e+20,192245.0,3079.000000000008
11.744666666666664,224.305,33.041,3.6240254629651323e+20,224305.0,33041.0
11.3,195.92066666666665,12.5385,3.48681566653e+20,195920.66666666666,12538.5
12.465000000000002,205.838,19.461,3.8462971047165e+20,205838.0,19461.0
9.498,212.639,13.006,2.9307765664337995e+20,212639.0,13006.0
11.841,215.109,29.355000000000004,3.6537508236620995e+20,215109.0,29355.000000000004
9.447,169.068,9.088000000000008,2.9150396107706997e+20,169068.0,9088.000000000007
12.049,219.96400000000003,16.943000000000012,3.7179329173469e+20,219964.00000000003,16943.00000000001
8.853,192.623,7.911000000000001,2.7317503624593e+20,192623.0,7911.000000000002
10.506666666666666,187.622,11.14800000000001,3.242018578437333e+20,187622.0,11148.000000000011
16.083,319.1943333333333,67.63349999999998,4.9626952535222996e+20,319194.3333333333,67633.49999999999
2.7999999999999994,196.0,16.0,8.639897226799999e+19,196000.0,16000.0
3.6,208.0,15.0,1.11084392916e+20,208000.0,15000.0
4.4,215.0,20.0,1.3576981356400001e+20,215000.0,20000.0
5.2,205.0,12.0,1.60455234212e+20,205000.0,12000.0
6.0,211.0,6.0,1.8514065486e+20,211000.0,6000.0
6.8,208.0,8.0,2.09826075508e+20,208000.0,8000.0
7.599999999999999,203.0,8.0,2.3451149615599996e+20,203000.0,8000.0
8.0,200.0,0.5,2.4685420648e+20,200000.0,500.0
9.12,193.0,6.5,2.8141379538719998e+20,193000.0,6500.0
10.4,214.0,16.0,3.20910468424e+20,214000.0,16000.0
11.2,225.0,18.0,3.4559588907199994e+20,225000.0,18000.0
11.920000000000002,223.0,21.0,3.678127676552e+20,223000.0,21000.0
12.72,222.5,17.0,3.924981883032e+20,222500.0,17000.0
13.44,218.0,14.0,4.147150668864e+20,218000.0,14000.0
14.4,225.0,16.0,4.44337571664e+20,225000.0,16000.0
15.6,235.0,25.0,4.81365702636e+20,235000.0,25000.0
16.88,232.0,20.0,5.2086237567279995e+20,232000.0,20000.0
17.76,222.0,33.0,5.4801633838560005e+20,222000.0,33000.0
19.52,219.5,30.0,6.023242638111999e+20,219500.0,30000.0
20.24,202.5,34.0,6.245411423943999e+20,202500.0,34000.0
0.02,212.8866119,,6.171355162e+17,212886.6119,
0.04,228.5732574,,1.2342710324e+18,228573.2574,
0.06,237.8198395,,1.8514065485999997e+18,237819.8395,
0.08,243.618515,,2.4685420648e+18,243618.515,
0.1,247.3328094,,3.085677581e+18,247332.8094,
0.12,249.6887665,,3.7028130971999995e+18,249688.76650000003,
0.14,251.1132202,,4.3199486134000005e+18,251113.2202,
0.16,251.8751221,,4.9370841296e+18,251875.1221,
0.18,252.1526947,,5.5542196458e+18,252152.69470000002,
0.2,252.0689697,,6.171355162e+18,252068.9697,
0.22,251.7113647,,6.788490678199999e+18,251711.36469999998,
0.24,251.1437836,,7.405626194399999e+18,251143.7836,
0.26,250.4138641,,8.022761710600001e+18,250413.8641,
0.28,249.5576782,,8.639897226800001e+18,249557.6782,
0.3,248.6030731,,9.257032742999998e+18,248603.07309999998,
0.32,247.5716858,,9.8741682592e+18,247571.6858,
0.34,246.4806366,,1.04913037754e+19,246480.6366,
0.36,245.3435059,,1.11084392916e+19,245343.5059,
0.38,244.1712494,,1.17255748078e+19,244171.2494,
0.4,242.9726105,,1.2342710324e+19,242972.6105,
0.42,241.754776,,1.29598458402e+19,241754.77599999998,
0.44,240.5235443,,1.3576981356399999e+19,240523.5443,
0.46,239.2837677,,1.41941168726e+19,239283.7677,
0.48,238.0393219,,1.4811252388799998e+19,238039.3219,
0.5,236.793457,,1.5428387905e+19,236793.457,
0.52,235.5488739,,1.6045523421200001e+19,235548.87389999998,
0.54,234.3077545,,1.66626589374e+19,234307.75449999998,
0.56,233.0719299,,1.7279794453600002e+19,233071.9299,
0.58,231.8429413,,1.7896929969799997e+19,231842.9413,
0.6,230.6219635,,1.8514065485999997e+19,230621.96349999998,
0.62,229.41008,,1.91312010022e+19,229410.08,
0.64,228.2080841,,1.97483365184e+19,228208.0841,
0.66,227.0167084,,2.03654720346e+19,227016.7084,
0.68,225.8363953,,2.09826075508e+19,225836.3953,
0.7,224.6676941,,2.1599743066999996e+19,224667.6941,
0.72,223.5108795,,2.22168785832e+19,223510.87949999998,
0.74,222.3661957,,2.28340140994e+19,222366.19569999998,
0.76,221.2338867,,2.34511496156e+19,221233.8867,
0.78,220.1140289,,2.40682851318e+19,220114.0289,
0.8,219.0067291,,2.4685420648e+19,219006.7291,
0.82,217.9120331,,2.5302556164199997e+19,217912.0331,
0.84,216.8299408,,2.59196916804e+19,216829.9408,
0.86,215.7604218,,2.65368271966e+19,215760.42179999998,
0.88,214.7034302,,2.7153962712799998e+19,214703.4302,
0.9,213.658905,,2.7771098229e+19,213658.905,
0.92,212.6267395,,2.83882337452e+19,212626.73950000003,
0.94,211.606842,,2.90053692614e+19,211606.842,
0.96,210.5990753,,2.9622504777599996e+19,210599.0753,
0.98,209.6033478,,3.0239640293799997e+19,209603.3478,
1.0,208.6194763,,3.085677581e+19,208619.4763,
1.02,207.6473694,,3.14739113262e+19,207647.3694,
1.04,206.6868134,,3.2091046842400002e+19,206686.8134,
1.0599999,205.7377014,,3.270817927292242e+19,205737.7014,
1.0799999,204.7999115,,3.3325314789122417e+19,204799.91150000002,
1.1,203.8731689,,3.3942453391000003e+19,203873.1689,
1.12,202.957428,,3.4559588907200004e+19,202957.42799999999,
1.14,202.0524445,,3.5176724423399997e+19,202052.4445,
1.16,201.1581116,,3.5793859939599995e+19,201158.1116,
1.1799999,200.2742462,,3.641099237012242e+19,200274.2462,
1.1999999,199.4006653,,3.702812788632242e+19,199400.6653,
1.22,198.5372162,,3.7645266488199995e+19,198537.2162,
1.24,197.6837463,,3.82624020044e+19,197683.7463,
1.26,196.8400879,,3.88795375206e+19,196840.08789999998,
1.28,196.0061035,,3.94966730368e+19,196006.1035,
1.3,195.1816101,,4.0113808553e+19,195181.6101,
1.3199999,194.3664703,,4.073094098352242e+19,194366.47030000002,
1.3399999,193.5605011,,4.134807649972242e+19,193560.50110000002,
1.36,192.7635956,,4.19652151016e+19,192763.5956,
1.38,191.9755707,,4.258235061779999e+19,191975.57069999998,
1.4,191.1962891,,4.319948613399999e+19,191196.2891,
1.42,190.4255981,,4.3816621650199994e+19,190425.5981,
1.4399999,189.6633759,,4.443375408072242e+19,189663.3759,
1.4599999,188.9094849,,4.505088959692241e+19,188909.48489999998,
1.48,188.1637726,,4.56680281988e+19,188163.7726,
1.5,187.4261017,,4.6285163715e+19,187426.1017,
1.52,186.6963501,,4.69022992312e+19,186696.35009999998,
1.54,185.9743805,,4.75194347474e+19,185974.3805,
1.5599999,185.2601013,,4.813656717792242e+19,185260.1013,
1.5799999,184.5533295,,4.875370269412241e+19,184553.3295,
1.5999999,183.8539734,,4.9370838210322416e+19,183853.9734,
1.62,183.1618958,,4.99879768122e+19,183161.8958,
1.64,182.4769897,,5.0605112328399995e+19,182476.98969999998,
1.66,181.7991638,,5.12222478446e+19,181799.1638,
1.6799999,181.1282654,,5.183938027512242e+19,181128.2654,
1.6999999,180.4642181,,5.2456515791322415e+19,180464.2181,
1.7199999,179.8068848,,5.307365130752242e+19,179806.8848,
1.74,179.1561584,,5.3690789909399994e+19,179156.15840000001,
1.76,178.5119629,,5.4307925425599996e+19,178511.96289999998,
1.78,177.8741608,,5.49250609418e+19,177874.1608,
1.8,177.2426758,,5.5542196458e+19,177242.6758,
1.8199999,176.6174011,,5.615932888852242e+19,176617.4011,
1.8399999,175.9982452,,5.677646440472242e+19,175998.2452,
1.86,175.3850861,,5.73936030066e+19,175385.0861,
1.88,174.7778931,,5.80107385228e+19,174777.8931,
1.9,174.1765137,,5.8627874039e+19,174176.51369999998,
1.92,173.5808716,,5.924500955519999e+19,173580.87159999998,
1.9399999,172.9908905,,5.986214198572242e+19,172990.8905,
1.9599999,172.4065094,,6.047927750192241e+19,172406.5094,
1.9799999,171.8275909,,6.109641301812241e+19,171827.59089999998,
2.0,171.2540741,,6.171355162e+19,171254.0741,
2.02,170.6859131,,6.23306871362e+19,170685.9131,
2.04,170.1230011,,6.29478226524e+19,170123.00110000002,
2.0599999,169.5652161,,6.356495508292243e+19,169565.2161,
2.0799999,169.012558,,6.418209059912241e+19,169012.55800000002,
2.0999999,168.46492,,6.479922611532241e+19,168464.92,
2.1199999,167.9222107,,6.5416361631522415e+19,167922.2107,
2.1399999,167.3843842,,6.603349714772241e+19,167384.3842,
2.1599998,166.8513641,,6.665062957824483e+19,166851.3641,
2.1800001,166.3230743,,6.726777435147758e+19,166323.0743,
2.2,165.7994537,,6.7884906782000005e+19,165799.45369999998,
2.22,165.280426,,6.850204229820001e+19,165280.426,
2.24,164.7659454,,6.911917781440001e+19,164765.9454,
2.26,164.2559357,,6.973631333059999e+19,164255.9357,
2.28,163.7503357,,7.0353448846799995e+19,163750.3357,
2.3,163.2490845,,7.097058436299999e+19,163249.0845,
2.3199999,162.752121,,7.158771679352241e+19,162752.12099999998,
2.3399999,162.2593994,,7.2204852309722415e+19,162259.3994,
2.3599999,161.770813,,7.282198782592242e+19,161770.813,
2.3799999,161.2863617,,7.343912334212242e+19,161286.36169999998,
2.3999999,160.8059692,,7.405625885832241e+19,160805.9692,
2.4199998,160.3295746,,7.467339128884483e+19,160329.5746,
2.4400001,159.857132,,7.529053606207757e+19,159857.132,
2.46,159.3885651,,7.59076684926e+19,159388.5651,
2.48,158.9238739,,7.65248040088e+19,158923.87389999998,
2.5,158.4629517,,7.7141939525e+19,158462.9517,
2.52,158.0057983,,7.77590750412e+19,158005.7983,
2.54,157.5523071,,7.83762105574e+19,157552.3071,
2.5599999,157.1024933,,7.899334298792242e+19,157102.4933,
2.5799999,156.65625,,7.961047850412242e+19,156656.25,
2.5999999,156.2135773,,8.022761402032241e+19,156213.5773,
2.6199999,155.7744141,,8.08447495365224e+19,155774.4141,
2.6399999,155.3386841,,8.146188505272241e+19,155338.68409999998,
2.6599998,154.9064026,,8.207901748324483e+19,154906.4026,
2.6799998,154.477478,,8.269615299944484e+19,154477.478,
2.7,154.0518646,,8.3313294687e+19,154051.8646,
2.72,153.6295624,,8.39304302032e+19,153629.5624,
2.74,153.2105103,,8.45475657194e+19,153210.51030000002,
2.76,152.7946472,,8.516470123559998e+19,152794.6472,
2.78,152.3819885,,8.57818367518e+19,152381.9885,
2.8,151.9724121,,8.639897226799999e+19,151972.41210000002,
2.8199999,151.5659637,,8.701610469852242e+19,151565.9637,
2.8399999,151.1625519,,8.763324021472241e+19,151162.55190000002,
2.8599999,150.762146,,8.825037573092242e+19,150762.146,
2.8799999,150.3647308,,8.886751124712242e+19,150364.7308,
2.8999999,149.9702301,,8.948464676332243e+19,149970.23010000002,
2.9199998,149.5786591,,9.010177919384483e+19,149578.65910000002,
2.9399998,149.1899719,,9.071891471004484e+19,149189.97189999997,
2.96,148.8040924,,9.13360563976e+19,148804.0924,
2.98,148.4210358,,9.195319191379999e+19,148421.0358,
3.0,148.0407562,,9.257032743e+19,148040.7562,
3.02,147.663208,,9.31874629462e+19,147663.20799999998,
3.04,147.2883453,,9.38045984624e+19,147288.34530000002,
3.0599999,146.9161835,,9.442173089292242e+19,146916.18349999998,
3.0799999,146.5466461,,9.503886640912241e+19,146546.6461,
3.0999999,146.1797485,,9.56560019253224e+19,146179.7485,
3.1199999,145.8154144,,9.627313744152242e+19,145815.4144,
3.1399999,145.4536285,,9.689027295772241e+19,145453.62850000002,
3.1599998,145.0943756,,9.750740538824483e+19,145094.3756,
3.1799998,144.7376251,,9.812454090444484e+19,144737.6251,
3.1999998,144.3833466,,9.874167642064483e+19,144383.34660000002,
3.22,144.0314941,,9.935881810820001e+19,144031.4941,
3.24,143.6820679,,9.99759536244e+19,143682.0679,
3.26,143.335022,,1.005930891406e+20,143335.022,
3.28,142.9903412,,1.0121022465679999e+20,142990.3412,
3.3,142.647995,,1.0182736017299998e+20,142647.995,
3.3199999,142.3079529,,1.0244449260352242e+20,142307.9529,
3.3399999,141.9701691,,1.0306162811972241e+20,141970.1691,
3.3599999,141.6346893,,1.0367876363592242e+20,141634.6893,
3.3799999,141.3014221,,1.0429589915212241e+20,141301.4221,
3.3999999,140.9703522,,1.0491303466832242e+20,140970.3522,
3.4199998,140.6414642,,1.0553016709884482e+20,140641.4642,
3.4399998,140.3147736,,1.0614730261504483e+20,140314.7736,
3.46,139.9901886,,1.067644443026e+20,139990.18860000002,
3.48,139.6677246,,1.0738157981879999e+20,139667.72460000002,
3.5,139.3473663,,1.07998715335e+20,139347.3663,
3.52,139.029068,,1.0861585085119999e+20,139029.068,
3.54,138.7128296,,1.092329863674e+20,138712.8296,
3.5599999,138.3986053,,1.0985011879792242e+20,138398.60530000002,
3.5799999,138.0864105,,1.1046725431412241e+20,138086.4105,
3.5999999,137.7761841,,1.110843898303224e+20,137776.18409999998,
3.6199999,137.467926,,1.1170152534652242e+20,137467.926,
3.6399999,137.1616211,,1.1231866086272241e+20,137161.6211,
3.6599998,136.8572388,,1.1293579329324484e+20,136857.2388,
3.6799998,136.5547638,,1.1355292880944484e+20,136554.7638,
3.6999998,136.2541656,,1.1417006432564483e+20,136254.1656,
3.72,135.9554443,,1.147872060132e+20,135955.4443,
3.74,135.6585693,,1.154043415294e+20,135658.5693,
3.76,135.3635254,,1.160214770456e+20,135363.52539999998,
3.78,135.070282,,1.1663861256179999e+20,135070.28199999998,
3.8,134.7788544,,1.17255748078e+20,134778.8544,
3.8199999,134.4891815,,1.1787288050852241e+20,134489.1815,
3.8399999,134.2012787,,1.1849001602472242e+20,134201.2787,
3.8599999,133.9151154,,1.1910715154092242e+20,133915.11539999998,
3.8799999,133.6306763,,1.1972428705712241e+20,133630.6763,
3.8999999,133.3479462,,1.2034142257332242e+20,133347.9462,
3.9199998,133.0669098,,1.2095855500384482e+20,133066.9098,
3.9399998,132.7875366,,1.2157569052004483e+20,132787.53660000002,
3.9599998,132.5098267,,1.2219282603624482e+20,132509.8267,
3.98,132.2337341,,1.228099677238e+20,132233.7341,
4.0,131.9593048,,1.2342710324e+20,131959.3048,
4.02,131.6864624,,1.2404423875619999e+20,131686.46240000002,
4.04,131.4152222,,1.246613742724e+20,131415.2222,
4.0599999,131.1455688,,1.2527850670292242e+20,131145.5688,
4.0799999,130.8774872,,1.2589564221912241e+20,130877.48719999999,
4.0999999,130.6109314,,1.2651277773532242e+20,130610.9314,
4.1199999,130.3459167,,1.2712991325152241e+20,130345.9167,
4.1399999,130.0824432,,1.2774704876772242e+20,130082.4432,
4.1599998,129.8204651,,1.2836418119824482e+20,129820.4651,
4.1799998,129.559967,,1.2898131671444483e+20,129559.967,
4.1999998,129.3009796,,1.2959845223064483e+20,129300.9796,
4.2199998,129.0434265,,1.3021558774684484e+20,129043.42650000002,
4.2399998,128.7873535,,1.3083272326304483e+20,128787.3535,
4.2599998,128.5326843,,1.3144985877924484e+20,128532.6843,
4.2799997,128.27948,,1.3206699120976726e+20,128279.48000000001,
4.2999997,128.0276489,,1.3268412672596725e+20,128027.6489,
4.3199997,127.7772369,,1.3330126224216726e+20,127777.2369,
4.3399997,127.5282135,,1.3391839775836725e+20,127528.21350000001,
4.3600001,127.2805557,,1.3453554561727757e+20,127280.5557,
4.3800001,127.0342712,,1.3515268113347758e+20,127034.2712,
4.4000001,126.7893372,,1.3576981664967757e+20,126789.33720000001,
4.4200001,126.5457306,,1.3638695216587758e+20,126545.7306,
4.4400001,126.3034668,,1.3700408768207757e+20,126303.4668,
4.46,126.0625,,1.3762122011259999e+20,126062.5,
4.48,125.8228455,,1.3823835562880002e+20,125822.8455,
4.5,125.5844803,,1.38855491145e+20,125584.4803,
4.52,125.3473969,,1.3947262666119999e+20,125347.3969,
4.54,125.1115875,,1.400897621774e+20,125111.5875,
4.5599999,124.8770294,,1.4070689460792241e+20,124877.0294,
4.5799999,124.6437149,,1.413240301241224e+20,124643.7149,
4.5999999,124.4116516,,1.4194116564032242e+20,124411.6516,
4.6199999,124.1808014,,1.4255830115652241e+20,124180.8014,
4.6399999,123.9511795,,1.4317543667272242e+20,123951.1795,
4.6599998,123.7227478,,1.4379256910324482e+20,123722.7478,
4.6799998,123.4955139,,1.4440970461944483e+20,123495.5139,
4.6999998,123.2694626,,1.4502684013564482e+20,123269.4626,
4.7199998,123.0445862,,1.4564397565184483e+20,123044.58619999999,
4.7399998,122.8208771,,1.4626111116804483e+20,122820.8771,
4.7599998,122.5983276,,1.4687824668424484e+20,122598.3276,
4.7799997,122.3769226,,1.4749537911476725e+20,122376.9226,
4.7999997,122.1566467,,1.4811251463096726e+20,122156.6467,
4.8199997,121.9375,,1.4872965014716727e+20,121937.5,
4.8399997,121.7194672,,1.4934678566336725e+20,121719.4672,
4.8599997,121.5025482,,1.4996392117956726e+20,121502.5482,
4.8800001,121.2867203,,1.5058106903847757e+20,121286.7203,
4.9000001,121.0719757,,1.511982045546776e+20,121071.9757,
4.9200001,120.8583298,,1.518153400708776e+20,120858.3298,
4.9400001,120.6457443,,1.5243247558707757e+20,120645.7443,
4.96,120.4342194,,1.530496080176e+20,120434.2194,
4.98,120.2237549,,1.536667435338e+20,120223.7549,
5.0,120.0143356,,1.5428387905e+20,120014.33559999999,
5.02,119.805954,,1.549010145662e+20,119805.954,
5.04,119.598587,,1.555181500824e+20,119598.587,
5.0599999,119.3922653,,1.561352825129224e+20,119392.2653,
5.0799999,119.1869278,,1.5675241802912242e+20,119186.9278,
5.0999999,118.9826202,,1.5736955354532243e+20,118982.6202,
5.1199999,118.7792892,,1.579866890615224e+20,118779.2892,
5.1399999,118.5769577,,1.5860382457772242e+20,118576.9577,
5.1599998,118.3756104,,1.5922095700824483e+20,118375.6104,
5.1799998,118.1752243,,1.5983809252444484e+20,118175.2243,
5.1999998,117.9758148,,1.6045522804064482e+20,117975.8148,
5.2199998,117.777359,,1.6107236355684483e+20,117777.35900000001,
5.2399998,117.5798569,,1.616894990730448e+20,117579.8569,
5.2599998,117.3832932,,1.6230663458924485e+20,117383.2932,
5.2799997,117.1876602,,1.6292376701976727e+20,117187.6602,
5.2999997,116.9929581,,1.6354090253596724e+20,116992.95809999999,
5.3199997,116.7991791,,1.6415803805216725e+20,116799.17910000001,
5.3399997,116.6063156,,1.6477517356836726e+20,116606.3156,
5.3599997,116.41436,,1.6539230908456727e+20,116414.36,
5.3800001,116.2232971,,1.660094569434776e+20,116223.2971,
5.4000001,116.0331345,,1.6662659245967756e+20,116033.1345,
5.4200001,115.8438644,,1.6724372797587757e+20,115843.8644,
5.4400001,115.6554565,,1.678608634920776e+20,115655.4565,
5.46,115.4679337,,1.684779959226e+20,115467.93370000001,
5.48,115.2812729,,1.690951314388e+20,115281.27290000001,
5.5,115.0954819,,1.69712266955e+20,115095.4819,
5.52,114.9105377,,1.7032940247119997e+20,114910.5377,
5.54,114.7264328,,1.709465379874e+20,114726.4328,
5.5599999,114.5431824,,1.7156367041792242e+20,114543.1824,
5.5799999,114.3607635,,1.721808059341224e+20,114360.7635,
5.5999999,114.1791687,,1.727979414503224e+20,114179.16870000001,
5.6199999,113.9984055,,1.7341507696652242e+20,113998.40550000001,
5.6399999,113.8184509,,1.7403221248272243e+20,113818.4509,
5.6599998,113.6393051,,1.746493449132448e+20,113639.3051,
5.6799998,113.4609604,,1.7526648042944483e+20,113460.96040000001,
5.6999998,113.2834244,,1.7588361594564483e+20,113283.4244,
5.7199998,113.1066666,,1.7650075146184484e+20,113106.6666,
5.7399998,112.9307175,,1.7711788697804482e+20,112930.7175,
5.7599998,112.7555389,,1.7773502249424483e+20,112755.5389,
5.7799997,112.5811386,,1.7835215492476725e+20,112581.1386,
5.7999997,112.4074936,,1.7896929044096726e+20,112407.4936,
5.8199997,112.2346344,,1.7958642595716727e+20,112234.63440000001,
5.8399997,112.0625229,,1.8020356147336724e+20,112062.52290000001,
5.8599997,111.8911743,,1.8082069698956725e+20,111891.1743,
5.8799996,111.7205658,,1.8143782942008967e+20,111720.5658,
5.9000001,111.550705,,1.8205498036467758e+20,111550.70499999999,
5.9200001,111.3815689,,1.826721158808776e+20,111381.5689,
5.9400001,111.2131805,,1.8328925139707757e+20,111213.1805,
5.96,111.0455017,,1.8390638382759998e+20,111045.50170000001,
5.98,110.8785706,,1.845235193438e+20,110878.5706,
6.0,110.7123337,,1.8514065486e+20,110712.3337,
6.02,110.5468292,,1.8575779037619998e+20,110546.82920000001,
6.04,110.3820114,,1.863749258924e+20,110382.0114,
6.0599999,110.2179108,,1.869920583229224e+20,110217.9108,
6.0799999,110.0545044,,1.876091938391224e+20,110054.5044,
6.0999999,109.8917923,,1.8822632935532243e+20,109891.7923,
6.1199999,109.7297745,,1.888434648715224e+20,109729.7745,
6.1399999,109.5684357,,1.894606003877224e+20,109568.4357,
6.1599998,109.4077682,,1.9007773281824483e+20,109407.7682,
6.1799998,109.2477798,,1.9069486833444484e+20,109247.7798,
6.1999998,109.0884552,,1.913120038506448e+20,109088.4552,
6.2199998,108.9297943,,1.9192913936684483e+20,108929.7943,
6.2399998,108.7717972,,1.9254627488304484e+20,108771.7972,
6.2599998,108.6144638,,1.9316341039924485e+20,108614.4638,
6.2799997,108.4577637,,1.9378054282976726e+20,108457.7637,
6.2999997,108.3017273,,1.9439767834596724e+20,108301.7273,
6.3199997,108.1463242,,1.9501481386216725e+20,108146.32419999999,
6.3399997,107.9915619,,1.9563194937836726e+20,107991.5619,
6.3599997,107.8374329,,1.9624908489456727e+20,107837.4329,
6.3799996,107.6839371,,1.9686621732508965e+20,107683.9371,
6.3999996,107.5310745,,1.9748335284128966e+20,107531.0745,
6.4200001,107.3788147,,1.9810050378587757e+20,107378.8147,
6.4400001,107.2271805,,1.9871763930207758e+20,107227.1805,
6.46,107.0761642,,1.993347717326e+20,107076.1642,
6.48,106.925766,,1.999519072488e+20,106925.76599999999,
6.5,106.7759476,,2.0056904276499998e+20,106775.9476,
6.52,106.6267548,,2.011861782812e+20,106626.7548,
6.54,106.4781418,,2.018033137974e+20,106478.1418,
6.5599999,106.3301315,,2.0242044622792242e+20,106330.13149999999,
6.5799999,106.1827164,,2.030375817441224e+20,106182.7164,
6.5999999,106.0358734,,2.036547172603224e+20,106035.8734,
6.6199999,105.8896179,,2.042718527765224e+20,105889.6179,
6.6399999,105.7439423,,2.0488898829272243e+20,105743.9423,
6.6599998,105.5988541,,2.055061207232448e+20,105598.8541,
6.6799998,105.4543152,,2.0612325623944482e+20,105454.3152,
6.6999998,105.3103561,,2.0674039175564483e+20,105310.3561,
6.7199998,105.166954,,2.0735752727184484e+20,105166.954,
6.7399998,105.0241165,,2.079746627880448e+20,105024.1165,
6.7599998,104.8818283,,2.0859179830424483e+20,104881.8283,
6.7799997,104.7401047,,2.0920893073476724e+20,104740.1047,
6.7999997,104.5989227,,2.0982606625096725e+20,104598.9227,
6.8199997,104.4582901,,2.1044320176716726e+20,104458.2901,
6.8399997,104.3182068,,2.1106033728336724e+20,104318.2068,
6.8599997,104.1786499,,2.1167747279956725e+20,104178.64989999999,
6.8799996,104.0396271,,2.1229460523008967e+20,104039.6271,
6.8999996,103.9011459,,2.1291174074628968e+20,103901.1459,
6.9200001,103.7631912,,2.1352889169087758e+20,103763.1912,
6.9400001,103.6257629,,2.1414602720707756e+20,103625.7629,
6.96,103.4888611,,2.1476315963759998e+20,103488.8611,
6.98,103.3524704,,2.1538029515380002e+20,103352.4704,
7.0,103.2165985,,2.1599743067e+20,103216.59850000001,
7.02,103.0812378,,2.1661456618619997e+20,103081.2378,
7.04,102.9463959,,2.1723170170239998e+20,102946.3959,
7.0599999,102.8120575,,2.1784883413292243e+20,102812.0575,
7.0799999,102.6782227,,2.184659696491224e+20,102678.22270000001,
7.0999999,102.5448914,,2.1908310516532242e+20,102544.8914,
7.1199999,102.4120483,,2.197002406815224e+20,102412.0483,
7.1399999,102.2796936,,2.203173761977224e+20,102279.6936,
7.1599998,102.14785,,2.2093450862824482e+20,102147.85,
7.1799998,102.0164871,,2.2155164414444483e+20,102016.48710000001,
7.1999998,101.8856125,,2.221687796606448e+20,101885.61249999999,
7.2199998,101.7552185,,2.2278591517684482e+20,101755.2185,
7.2399998,101.6252975,,2.2340305069304483e+20,101625.2975,
7.2599998,101.4958572,,2.2402018620924484e+20,101495.8572,
7.2799997,101.3668976,,2.2463731863976726e+20,101366.8976,
7.2999997,101.2384033,,2.2525445415596723e+20,101238.4033,
7.3199997,101.1103821,,2.2587158967216724e+20,101110.3821,
7.3399997,100.9828186,,2.2648872518836725e+20,100982.8186,
7.3599997,100.8557281,,2.2710586070456726e+20,100855.7281,
7.3799996,100.7290802,,2.2772299313508965e+20,100729.0802,
7.3999996,100.6029129,,2.2834012865128966e+20,100602.91290000001,
7.4199996,100.4771805,,2.2895726416748967e+20,100477.1805,
7.4400001,100.3519058,,2.2957441511207757e+20,100351.9058,
7.46,100.2270889,,2.301915475426e+20,100227.0889,
7.48,100.1027145,,2.308086830588e+20,100102.7145,
7.5,99.9787827,,2.3142581857499998e+20,99978.7827,
7.52,99.8552933,,2.320429540912e+20,99855.2933,
7.54,99.7322464,,2.326600896074e+20,99732.24639999999,
7.5599999,99.6096268,,2.332772220379224e+20,99609.6268,
7.5799999,99.4874496,,2.338943575541224e+20,99487.4496,
7.5999999,99.3656998,,2.3451149307032243e+20,99365.6998,
7.6199999,99.2443924,,2.351286285865224e+20,99244.3924,
7.6399999,99.1235046,,2.3574576410272242e+20,99123.5046,
7.6599998,99.0030289,,2.363628965332448e+20,99003.0289,
7.6799998,98.882988,,2.3698003204944485e+20,98882.988,
7.6999998,98.7633591,,2.3759716756564482e+20,98763.3591,
7.7199998,98.6441422,,2.3821430308184483e+20,98644.1422,
7.7399998,98.5253525,,2.388314385980448e+20,98525.3525,
7.7599998,98.4069672,,2.3944857411424482e+20,98406.9672,
7.7799997,98.2890015,,2.4006570654476727e+20,98289.0015,
7.7999997,98.1714401,,2.4068284206096725e+20,98171.44009999999,
7.8199997,98.0542831,,2.4129997757716726e+20,98054.2831,
7.8399997,97.9375229,,2.4191711309336723e+20,97937.52290000001,
7.8599997,97.821167,,2.4253424860956724e+20,97821.167,
7.8799996,97.7052155,,2.4315138104008966e+20,97705.21549999999,
7.8999996,97.589653,,2.4376851655628967e+20,97589.65299999999,
7.9199996,97.4744949,,2.4438565207248965e+20,97474.49489999999,
7.9400001,97.3597183,,2.4500280301707756e+20,97359.7183,
7.96,97.2453308,,2.456199354476e+20,97245.33080000001,
7.98,97.1313324,,2.462370709638e+20,97131.3324,
8.0,97.0177155,,2.4685420648e+20,97017.71549999999,
8.0199995,96.9044876,,2.474713265678121e+20,96904.4876,
8.04,96.7916412,,2.4808847751239998e+20,96791.6412,
8.0599995,96.679184,,2.487055976002121e+20,96679.18400000001,
8.0799999,96.5670929,,2.4932274545912244e+20,96567.0929,
8.0999994,96.4553757,,2.499398655469345e+20,96455.3757,
8.1199999,96.3440247,,2.505570164915224e+20,96344.02470000001,
8.1399994,96.2330627,,2.5117413657933454e+20,96233.06270000001,
8.1599998,96.1224518,,2.5179128443824482e+20,96122.4518,
8.1799994,96.0122299,,2.524084076117345e+20,96012.22989999999,
8.1999998,95.9023514,,2.5302555547064484e+20,95902.3514,
8.2200003,95.7928467,,2.5364270641523275e+20,95792.8467,
8.2399998,95.6837006,,2.5425982650304483e+20,95683.7006,
8.2600002,95.5749054,,2.5487697436195517e+20,95574.9054,
8.2799997,95.4664917,,2.5549409444976722e+20,95466.49170000001,
8.3000002,95.3584137,,2.5611124539435513e+20,95358.4137,
8.3199997,95.2506943,,2.5672836548216727e+20,95250.6943,
8.3400002,95.1433258,,2.5734551642675518e+20,95143.3258,
8.3599997,95.0363083,,2.5796263651456723e+20,95036.3083,
8.3800001,94.9296341,,2.5857978437347757e+20,94929.6341,
8.3999996,94.8233109,,2.5919690446128965e+20,94823.3109,
8.4200001,94.7173309,,2.5981405540587756e+20,94717.33089999999,
8.4399996,94.6116791,,2.6043117549368967e+20,94611.67910000001,
8.46,94.5063934,,2.6104832335260002e+20,94506.39339999999,
8.4799995,94.4014359,,2.616654434404121e+20,94401.4359,
8.5,94.2968063,,2.62282594385e+20,94296.8063,
8.5199995,94.1925278,,2.6289971447281212e+20,94192.5278,
8.54,94.088562,,2.6351686541739996e+20,94088.56199999999,
8.5599995,93.9849396,,2.6413398550521207e+20,93984.9396,
8.5799999,93.8816452,,2.6475113336412242e+20,93881.6452,
8.5999994,93.7786865,,2.653682534519345e+20,93778.68650000001,
8.6199999,93.6760406,,2.659854043965224e+20,93676.0406,
8.6399994,93.5737381,,2.6660252448433452e+20,93573.7381,
8.6599998,93.4717407,,2.672196723432448e+20,93471.7407,
8.6799994,93.370079,,2.678367955167345e+20,93370.079,
8.6999998,93.2687302,,2.6845394337564485e+20,93268.73019999999,
8.7200003,93.1676941,,2.6907109432023276e+20,93167.69410000001,
8.7399998,93.0669861,,2.696882144080448e+20,93066.9861,
8.7600002,92.9665909,,2.7030536226695515e+20,92966.5909,
8.7799997,92.8665085,,2.7092248235476723e+20,92866.5085,
8.8000002,92.7667389,,2.7153963329935514e+20,92766.7389,
8.8199997,92.6672745,,2.7215675338716725e+20,92667.2745,
8.8400002,92.5681229,,2.7277390433175516e+20,92568.1229,
8.8599997,92.4692841,,2.7339102441956724e+20,92469.28409999999,
8.8800001,92.3707352,,2.740081722784776e+20,92370.7352,
8.8999996,92.2724991,,2.7462529236628963e+20,92272.4991,
8.9200001,92.1745682,,2.7524244331087754e+20,92174.5682,
8.9399996,92.0769348,,2.758595633986897e+20,92076.9348,
8.96,91.979599,,2.7647671125760003e+20,91979.59899999999,
8.9799995,91.8825607,,2.7709383134541208e+20,91882.5607,
9.0,91.78582,,2.7771098229e+20,91785.82,
9.0199995,91.6893845,,2.783281023778121e+20,91689.3845,
9.04,91.5932388,,2.7894525332239997e+20,91593.23879999999,
9.0599995,91.4973831,,2.795623734102121e+20,91497.38309999999,
9.0799999,91.4018097,,2.8017952126912243e+20,91401.8097,
9.0999994,91.3065414,,2.807966413569345e+20,91306.5414,
9.1199999,91.2115402,,2.8141379230152242e+20,91211.5402,
9.1399994,91.1168365,,2.8203091238933453e+20,91116.8365,
9.1599998,91.0224228,,2.826480602482448e+20,91022.4228,
9.1799994,90.9282837,,2.832651834217345e+20,90928.2837,
9.1999998,90.8344269,,2.8388233128064483e+20,90834.42689999999,
9.2200003,90.7408524,,2.8449948222523274e+20,90740.85239999999,
9.2399998,90.6475754,,2.8511660231304482e+20,90647.57539999999,
9.2600002,90.5545578,,2.8573375017195517e+20,90554.5578,
9.2799997,90.4618149,,2.863508702597672e+20,90461.8149,
9.3000002,90.3693466,,2.8696802120435512e+20,90369.3466,
9.3199997,90.2771606,,2.8758514129216727e+20,90277.1606,
9.3400002,90.1852493,,2.8820229223675517e+20,90185.2493,
9.3599997,90.093605,,2.8881941232456722e+20,90093.605,
9.3800001,90.0022202,,2.8943656018347757e+20,90002.2202,
9.3999996,89.9111252,,2.9005368027128965e+20,89911.1252,
9.4200001,89.820282,,2.9067083121587755e+20,89820.282,
9.4399996,89.7297134,,2.9128795130368967e+20,89729.7134,
9.46,89.6394043,,2.919050991626e+20,89639.4043,
9.4799995,89.5493622,,2.925222192504121e+20,89549.3622,
9.5,89.4595795,,2.93139370195e+20,89459.5795,
9.5199995,89.3700562,,2.937564902828121e+20,89370.05619999999,
9.54,89.2807999,,2.9437364122739995e+20,89280.7999,
9.5599995,89.1917953,,2.949907613152121e+20,89191.7953,
9.5799999,89.1030579,,2.9560790917412245e+20,89103.0579,
9.5999994,89.0145645,,2.962250292619345e+20,89014.56450000001,
9.6199999,88.9263382,,2.968421802065224e+20,88926.3382,
9.6399994,88.838356,,2.9745930029433455e+20,88838.356,
9.6599998,88.7506332,,2.980764481532448e+20,88750.6332,
9.6799994,88.6631622,,2.986935713267345e+20,88663.1622,
9.6999998,88.575943,,2.993107191856448e+20,88575.943,
9.7199993,88.4889679,,2.999278392734569e+20,88488.9679,
9.7399998,88.4022369,,3.0054499021804483e+20,88402.2369,
9.7600002,88.3157654,,3.0116213807695515e+20,88315.7654,
9.7799997,88.2295303,,3.017792581647672e+20,88229.5303,
9.8000002,88.1435471,,3.023964091093552e+20,88143.54710000001,
9.8199997,88.0578003,,3.0301352919716725e+20,88057.8003,
9.8400002,87.9722977,,3.036306801417552e+20,87972.2977,
9.8599997,87.8870316,,3.042478002295672e+20,87887.0316,
9.8800001,87.8020096,,3.048649480884776e+20,87802.0096,
9.8999996,87.7172318,,3.0548206817628966e+20,87717.2318,
9.9200001,87.6326828,,3.0609921912087754e+20,87632.6828,
9.9399996,87.5483856,,3.067163392086897e+20,87548.38560000001,
9.96,87.4643021,,3.073334870676e+20,87464.3021,
9.9799995,87.3804703,,3.079506071554121e+20,87380.4703,
10.0,87.2968597,,3.085677581e+20,87296.8597,
10.0199995,87.2134857,,3.091848781878121e+20,87213.4857,
10.04,87.1303482,,3.098020291324e+20,87130.3482,
10.0599995,87.0474472,,3.104191492202121e+20,87047.4472,
10.0799999,86.9647751,,3.110362970791224e+20,86964.7751,
10.0999994,86.8823166,,3.116534171669345e+20,86882.31659999999,
10.1199999,86.800087,,3.122705681115224e+20,86800.087,
10.1399994,86.7180939,,3.128876881993345e+20,86718.09389999999,
10.1599998,86.636322,,3.1350483605824484e+20,86636.322,
10.1799994,86.5547714,,3.141219592317345e+20,86554.77140000001,
10.1999998,86.4734497,,3.1473910709064486e+20,86473.4497,
10.2199993,86.3923492,,3.1535622717845694e+20,86392.3492,
10.2399998,86.3114624,,3.159733781230448e+20,86311.46239999999,
10.2600002,86.2307968,,3.165905259819552e+20,86230.7968,
10.2799997,86.1503601,,3.172076460697672e+20,86150.3601,
10.3000002,86.0701294,,3.1782479701435515e+20,86070.1294,
10.3199997,85.9901276,,3.184419171021672e+20,85990.12759999999,
10.3400002,85.9103394,,3.190590680467552e+20,85910.3394,
10.3599997,85.8307724,,3.1967618813456725e+20,85830.7724,
10.3800001,85.7514114,,3.2029333599347756e+20,85751.4114,
10.3999996,85.6722565,,3.2091045608128964e+20,85672.2565,
10.4200001,85.5933304,,3.215276070258776e+20,85593.3304,
10.4399996,85.5146103,,3.2214472711368966e+20,85514.6103,
10.46,85.4360962,,3.2276187497260004e+20,85436.0962,
10.4799995,85.3577881,,3.2337899506041206e+20,85357.78809999999,
10.5,85.2797012,,3.23996146005e+20,85279.70120000001,
10.5199995,85.2018204,,3.2461326609281214e+20,85201.8204,
10.54,85.1241455,,3.2523041703739995e+20,85124.1455,
10.5599995,85.0466766,,3.258475371252121e+20,85046.67659999999,
10.5799999,84.9694061,,3.264646849841224e+20,84969.40610000001,
10.5999994,84.8923492,,3.270818050719345e+20,84892.3492,
10.6199999,84.8154831,,3.276989560165224e+20,84815.4831,
10.6399994,84.7388382,,3.283160761043345e+20,84738.8382,
10.6599998,84.6623764,,3.289332239632448e+20,84662.3764,
10.6799994,84.5861282,,3.295503471367345e+20,84586.1282,
10.6999998,84.5100708,,3.3016749499564484e+20,84510.07079999999,
10.7199993,84.4342194,,3.307846150834569e+20,84434.2194,
10.7399998,84.3585663,,3.314017660280448e+20,84358.5663,
10.7600002,84.2831116,,3.320189138869552e+20,84283.1116,
10.7799997,84.2078476,,3.3263603397476726e+20,84207.8476,
10.8000002,84.132782,,3.332531849193551e+20,84132.782,
10.8199997,84.0579071,,3.338703050071673e+20,84057.9071,
10.8400002,83.9832382,,3.3448745595175515e+20,83983.2382,
10.8599997,83.9087601,,3.351045760395672e+20,83908.7601,
10.8800001,83.834465,,3.3572172389847754e+20,83834.465,
10.8999996,83.7603683,,3.363388439862896e+20,83760.3683,
10.9200001,83.6864624,,3.3695599493087756e+20,83686.46239999999,
10.9399996,83.6127396,,3.3757311501868964e+20,83612.7396,
10.96,83.5392227,,3.381902628776e+20,83539.2227,
10.9799995,83.4658813,,3.388073829654121e+20,83465.88130000001,
11.0,83.3927307,,3.3942453391e+20,83392.7307,
11.0199995,83.3197708,,3.400416539978121e+20,83319.7708,
11.04,83.246994,,3.406588049423999e+20,83246.994,
11.0599995,83.1744003,,3.412759250302121e+20,83174.40030000001,
11.0799999,83.1019897,,3.4189307288912246e+20,83101.9897,
11.0999994,83.0297699,,3.425101929769345e+20,83029.7699,
11.1199999,82.9577255,,3.431273439215224e+20,82957.7255,
11.1399994,82.8858719,,3.4374446400933455e+20,82885.8719,
11.1599998,82.8141861,,3.443616118682448e+20,82814.1861,
11.1799994,82.7426987,,3.449787350417345e+20,82742.69870000001,
11.1999998,82.6713791,,3.455958829006448e+20,82671.37909999999,
11.2199993,82.6002426,,3.462130029884569e+20,82600.2426,
11.2399998,82.5292816,,3.4683015393304484e+20,82529.2816,
11.2599993,82.4585037,,3.474472740208569e+20,82458.5037,
11.2799997,82.3879013,,3.4806442187976724e+20,82387.9013,
11.3000002,82.3174744,,3.486815728243551e+20,82317.47439999999,
11.3199997,82.2472305,,3.4929869291216726e+20,82247.2305,
11.3400002,82.1771469,,3.499158438567552e+20,82177.14689999999,
11.3599997,82.107254,,3.505329639445672e+20,82107.254,
11.3800001,82.0375214,,3.511501118034776e+20,82037.5214,
11.3999996,81.9679718,,3.517672318912897e+20,81967.9718,
11.4200001,81.8985901,,3.5238438283587754e+20,81898.5901,
11.4399996,81.8293762,,3.530015029236897e+20,81829.3762,
11.46,81.7603378,,3.536186507826e+20,81760.33780000001,
11.4799995,81.6914673,,3.542357708704121e+20,81691.4673,
11.5,81.6227646,,3.5485292181499996e+20,81622.7646,
11.5199995,81.5542297,,3.554700419028121e+20,81554.2297,
11.54,81.4858704,,3.560871928474e+20,81485.8704,
11.5599995,81.4176788,,3.5670431293521206e+20,81417.67880000001,
11.5799999,81.3496475,,3.5732146079412244e+20,81349.6475,
11.5999994,81.2817841,,3.579385808819345e+20,81281.78409999999,
11.6199999,81.2140808,,3.585557318265224e+20,81214.08080000001,
11.6399994,81.1465454,,3.5917285191433454e+20,81146.54539999999,
11.6599998,81.0791702,,3.597899997732448e+20,81079.1702,
11.6799994,81.0119705,,3.604071229467345e+20,81011.97050000001,
11.6999998,80.9449234,,3.610242708056449e+20,80944.9234,
11.7199993,80.8780441,,3.616413908934569e+20,80878.0441,
11.7399998,80.8113251,,3.622585418380448e+20,80811.3251,
11.7599993,80.7447662,,3.62875661925857e+20,80744.7662,
11.7799997,80.6783676,,3.634928097847672e+20,80678.3676,
11.8000002,80.6121216,,3.6410996072935516e+20,80612.1216,
11.8199997,80.5460434,,3.6472708081716724e+20,80546.0434,
11.8400002,80.4801178,,3.653442317617552e+20,80480.1178,
11.8599997,80.4143524,,3.6596135184956726e+20,80414.3524,
11.8800001,80.3487473,,3.665784997084776e+20,80348.7473,
11.8999996,80.2832947,,3.6719561979628965e+20,80283.2947,
11.9200001,80.2180023,,3.678127707408775e+20,80218.0023,
11.9399996,80.1528625,,3.684298908286897e+20,80152.8625,
11.96,80.0878754,,3.690470386876e+20,80087.8754,
11.9799995,80.0230408,,3.6966415877541206e+20,80023.0408,
12.0,79.9583664,,3.7028130972e+20,79958.3664,
12.0199995,79.893837,,3.708984298078121e+20,79893.837,
12.04,79.8294678,,3.7151558075239996e+20,79829.4678,
12.0599995,79.7652512,,3.721327008402121e+20,79765.2512,
12.0799999,79.7011795,,3.727498486991224e+20,79701.1795,
12.0999994,79.6372681,,3.733669687869345e+20,79637.2681,
12.1199999,79.5734863,,3.739841197315224e+20,79573.4863,
12.1399994,79.5098648,,3.746012398193345e+20,79509.8648,
12.1599998,79.4463959,,3.752183876782448e+20,79446.3959,
12.1799994,79.3830719,,3.758355108517345e+20,79383.07190000001,
12.1999998,79.3199005,,3.7645265871064485e+20,79319.9005,
12.2199993,79.2568741,,3.770697787984569e+20,79256.8741,
12.2399998,79.1939926,,3.776869297430448e+20,79193.9926,
12.2599993,79.1312561,,3.7830404983085695e+20,79131.2561,
12.2799997,79.0686646,,3.789211976897672e+20,79068.6646,
12.3000002,79.006218,,3.7953834863435514e+20,79006.21800000001,
12.3199997,78.9439087,,3.801554687221673e+20,78943.9087,
12.3400002,78.8817596,,3.8077261966675516e+20,78881.75959999999,
12.3599997,78.8197479,,3.8138973975456724e+20,78819.7479,
12.3800001,78.7578735,,3.8200688761347755e+20,78757.8735,
12.3999996,78.6961365,,3.826240077012896e+20,78696.1365,
12.4200001,78.6345596,,3.832411586458776e+20,78634.55960000001,
12.4399996,78.5731125,,3.8385827873368965e+20,78573.11249999999,
12.46,78.5118027,,3.844754265926e+20,78511.8027,
12.4799995,78.4506378,,3.850925466804121e+20,78450.6378,
12.5,78.3896027,,3.85709697625e+20,78389.6027,
12.5199995,78.3287201,,3.863268177128121e+20,78328.72009999999,
12.54,78.2679749,,3.8694396865739994e+20,78267.9749,
12.5599995,78.2073593,,3.875610887452121e+20,78207.3593,
12.5799999,78.1468811,,3.881782366041224e+20,78146.8811,
12.5999994,78.0865479,,3.887953566919345e+20,78086.5479,
12.6199999,78.0263519,,3.894125076365224e+20,78026.3519,
12.6399994,77.9662857,,3.900296277243345e+20,77966.2857,
12.6599998,77.9063568,,3.906467755832448e+20,77906.3568,
12.6799994,77.8465652,,3.912638987567345e+20,77846.5652,
12.6999998,77.7869034,,3.918810466156448e+20,77786.9034,
12.7199993,77.7273788,,3.924981667034569e+20,77727.37879999999,
12.7399998,77.6679916,,3.931153176480448e+20,77667.9916,
12.7599993,77.6087341,,3.937324377358569e+20,77608.7341,
12.7799997,77.5495987,,3.9434958559476725e+20,77549.5987,
12.7999992,77.4906082,,3.949667056825793e+20,77490.6082,
12.8199997,77.4317474,,3.9558385662716726e+20,77431.74740000001,
12.8400002,77.3730087,,3.9620100757175514e+20,77373.0087,
12.8599997,77.314415,,3.968181276595672e+20,77314.415,
12.8800001,77.2559357,,3.974352755184776e+20,77255.9357,
12.8999996,77.1975937,,3.980523956062896e+20,77197.5937,
12.9200001,77.1393814,,3.9866954655087755e+20,77139.3814,
12.9399996,77.0813065,,3.992866666386897e+20,77081.30649999999,
12.96,77.0233459,,3.999038144976e+20,77023.3459,
12.9799995,76.9655228,,4.005209345854121e+20,76965.5228,
13.0,76.907814,,4.0113808552999997e+20,76907.814,
13.0199995,76.8502426,,4.017552056178121e+20,76850.2426,
13.04,76.7927856,,4.023723565624e+20,76792.7856,
13.0599995,76.7354736,,4.0298947665021207e+20,76735.47360000001,
13.0799999,76.6782684,,4.0360662450912245e+20,76678.26839999999,
13.0999994,76.6212006,,4.042237445969345e+20,76621.2006,
13.1199999,76.5642548,,4.048408955415224e+20,76564.2548,
13.1399994,76.5074234,,4.0545801562933454e+20,76507.4234,
13.1599998,76.4507294,,4.060751634882448e+20,76450.7294,
13.1799994,76.3941498,,4.066922866617345e+20,76394.1498,
13.1999998,76.3376923,,4.073094345206448e+20,76337.6923,
13.2199993,76.2813721,,4.079265546084569e+20,76281.3721,
13.2399998,76.2251587,,4.085437055530448e+20,76225.1587,
13.2599993,76.169075,,4.091608256408569e+20,76169.07500000001,
13.2799997,76.1131058,,4.097779734997672e+20,76113.1058,
13.2999992,76.0572586,,4.103950935875794e+20,76057.2586,
13.3199997,76.0015335,,4.1101224453216725e+20,76001.53349999999,
13.3400002,75.9459229,,4.116293954767552e+20,75945.9229,
13.3599997,75.8904419,,4.122465155645672e+20,75890.4419,
13.3800001,75.8350677,,4.128636634234776e+20,75835.0677,
13.3999996,75.7798157,,4.1348078351128966e+20,75779.8157,
13.4200001,75.7246857,,4.1409793445587753e+20,75724.6857,
13.4399996,75.6696777,,4.147150545436897e+20,75669.6777,
13.46,75.614769,,4.153322024026e+20,75614.769,
13.4799995,75.5599976,,4.159493224904121e+20,75559.9976,
13.5,75.5053329,,4.16566473435e+20,75505.3329,
13.5199995,75.4507828,,4.171835935228121e+20,75450.7828,
13.54,75.3963547,,4.1780074446739997e+20,75396.3547,
13.5599995,75.342041,,4.184178645552121e+20,75342.041,
13.5799999,75.2878342,,4.190350124141224e+20,75287.83420000001,
13.5999994,75.233757,,4.196521325019345e+20,75233.757,
13.6199999,75.1797791,,4.202692834465224e+20,75179.7791,
13.6399994,75.1259155,,4.208864035343345e+20,75125.9155,
13.6599998,75.0721664,,4.2150355139324484e+20,75072.1664,
13.6799994,75.0185394,,4.221206745667345e+20,75018.5394,
13.6999998,74.9650116,,4.2273782242564486e+20,74965.0116,
13.7199993,74.9116058,,4.233549425134569e+20,74911.6058,
13.7399998,74.8582993,,4.239720934580448e+20,74858.2993,
13.7599993,74.8051224,,4.2458921354585696e+20,74805.12240000001,
13.7799997,74.752037,,4.252063614047672e+20,74752.037,
13.7999992,74.6990814,,4.2582348149257935e+20,74699.0814,
13.8199997,74.6462173,,4.264406324371672e+20,74646.2173,
13.8400002,74.593483,,4.2705778338175517e+20,74593.48300000001,
13.8599997,74.5408478,,4.2767490346956725e+20,74540.84779999999,
13.8800001,74.4883118,,4.2829205132847756e+20,74488.31180000001,
13.8999996,74.4358978,,4.2890917141628964e+20,74435.8978,
13.9200001,74.3835983,,4.295263223608775e+20,74383.5983,
13.9399996,74.3313828,,4.3014344244868966e+20,74331.3828,
13.96,74.2792969,,4.3076059030760004e+20,74279.2969,
13.9799995,74.2273178,,4.3137771039541205e+20,74227.31779999999,
14.0,74.1754379,,4.3199486134e+20,74175.4379,
14.0199995,74.1236572,,4.3261198142781214e+20,74123.6572,
14.04,74.071991,,4.3322913237239995e+20,74071.991,
14.0599995,74.0204315,,4.338462524602121e+20,74020.4315,
14.0799999,73.9689789,,4.344634003191224e+20,73968.9789,
14.0999994,73.9176254,,4.350805204069345e+20,73917.6254,
14.1199999,73.8663864,,4.356976713515224e+20,73866.3864,
14.1399994,73.8152313,,4.363147914393345e+20,73815.2313,
14.1599998,73.7641907,,4.369319392982448e+20,73764.1907,
14.1799994,73.7132721,,4.375490624717345e+20,73713.2721,
14.1999998,73.6624374,,4.3816621033064484e+20,73662.4374,
14.2199993,73.6117096,,4.387833304184569e+20,73611.7096,
14.2399998,73.5610886,,4.394004813630448e+20,73561.0886,
14.2599993,73.5105591,,4.4001760145085694e+20,73510.5591,
14.2799997,73.460144,,4.4063474930976725e+20,73460.144,
14.2999992,73.4098206,,4.4125186939757933e+20,73409.8206,
14.3199997,73.3596039,,4.418690203421673e+20,73359.6039,
14.3400002,73.3094864,,4.4248617128675515e+20,73309.4864,
14.3599997,73.2594681,,4.431032913745672e+20,73259.46810000001,
14.3800001,73.209549,,4.4372043923347754e+20,73209.549,
14.3999996,73.1597366,,4.443375593212896e+20,73159.7366,
14.4200001,73.1100235,,4.4495471026587756e+20,73110.0235,
14.4399996,73.0604095,,4.4557183035368964e+20,73060.40950000001,
14.46,73.0108871,,4.461889782126e+20,73010.8871,
14.4799995,72.9614716,,4.468060983004121e+20,72961.47159999999,
14.5,72.9121475,,4.47423249245e+20,72912.1475,
14.5199995,72.8629227,,4.480403693328121e+20,72862.9227,
14.54,72.813797,,4.486575202773999e+20,72813.79699999999,
14.5599995,72.7647705,,4.492746403652121e+20,72764.7705,
14.5799999,72.7158356,,4.4989178822412245e+20,72715.8356,
14.5999994,72.6669998,,4.505089083119345e+20,72666.9998,
14.6199999,72.6182632,,4.511260592565224e+20,72618.2632,
14.6399994,72.5696259,,4.517431793443345e+20,72569.6259,
14.6599998,72.52108,,4.523603272032448e+20,72521.08,
14.6799994,72.4726257,,4.529774503767345e+20,72472.62569999999,
14.6999998,72.424263,,4.535945982356448e+20,72424.26299999999,
14.7199993,72.3760071,,4.542117183234569e+20,72376.0071,
14.7399998,72.3278427,,4.5482886926804484e+20,72327.84270000001,
14.7599993,72.2797775,,4.554459893558569e+20,72279.7775,
14.7799997,72.2317963,,4.5606313721476724e+20,72231.7963,
14.7999992,72.1839142,,4.566802573025793e+20,72183.9142,
14.8199997,72.136116,,4.5729740824716725e+20,72136.116,
14.8399992,72.0884247,,4.5791452833497933e+20,72088.4247,
14.8599997,72.0408173,,4.585316792795672e+20,72040.8173,
14.8800001,71.993309,,4.591488271384776e+20,71993.309,
14.8999996,71.9458847,,4.597659472262897e+20,71945.8847,
14.9200001,71.8985596,,4.6038309817087754e+20,71898.5596,
14.9399996,71.851326,,4.610002182586897e+20,71851.326,
14.96,71.8041763,,4.616173661176e+20,71804.17629999999,
14.9799995,71.7571182,,4.622344862054121e+20,71757.1182,
15.0,71.7101517,,4.6285163714999996e+20,71710.1517,
15.0199995,71.6632843,,4.634687572378121e+20,71663.2843,
15.04,71.6164932,,4.640859081824e+20,71616.4932,
15.0599995,71.5698013,,4.6470302827021206e+20,71569.80129999999,
15.0799999,71.5232086,,4.6532017612912244e+20,71523.2086,
15.0999994,71.4766846,,4.659372962169345e+20,71476.6846,
15.1199999,71.4302597,,4.665544471615224e+20,71430.2597,
15.1399994,71.383934,,4.6717156724933453e+20,71383.934,
15.1599998,71.337677,,4.677887151082448e+20,71337.677,
15.1799994,71.2915192,,4.684058382817345e+20,71291.5192,
15.1999998,71.2454453,,4.690229861406449e+20,71245.4453,
15.2199993,71.1994629,,4.696401062284569e+20,71199.4629,
15.2399998,71.1535568,,4.702572571730448e+20,71153.5568,
15.2599993,71.1077499,,4.708743772608569e+20,71107.7499,
15.2799997,71.062027,,4.714915251197672e+20,71062.027,
15.2999992,71.0163879,,4.7210864520757936e+20,71016.3879,
15.3199997,70.9708328,,4.7272579615216724e+20,70970.8328,
15.3399992,70.9253693,,4.733429162399793e+20,70925.3693,
15.3599997,70.8799896,,4.7396006718456726e+20,70879.9896,
15.3800001,70.8347015,,4.745772150434776e+20,70834.7015,
15.3999996,70.7894897,,4.7519433513128965e+20,70789.4897,
15.4200001,70.7443695,,4.758114860758775e+20,70744.3695,
15.4399996,70.6993256,,4.764286061636897e+20,70699.3256,
15.46,70.6543732,,4.770457540226e+20,70654.3732,
15.4799995,70.6095047,,4.7766287411041206e+20,70609.5047,
15.5,70.5647125,,4.78280025055e+20,70564.7125,
15.5199995,70.5200195,,4.788971451428121e+20,70520.01950000001,
15.54,70.4753952,,4.7951429608739996e+20,70475.3952,
15.5599995,70.4308624,,4.801314161752121e+20,70430.8624,
15.5799999,70.3864059,,4.807485640341224e+20,70386.4059,
15.5999994,70.3420334,,4.813656841219345e+20,70342.0334,
15.6199999,70.2977448,,4.819828350665224e+20,70297.7448,
15.6399994,70.25354,,4.825999551543345e+20,70253.54000000001,
15.6599998,70.2094193,,4.832171030132448e+20,70209.4193,
15.6799994,70.1653748,,4.838342261867345e+20,70165.37479999999,
15.6999998,70.1214142,,4.8445137404564485e+20,70121.4142,
15.7199993,70.0775299,,4.850684941334569e+20,70077.52990000001,
15.7399998,70.0337296,,4.856856450780448e+20,70033.7296,
15.7599993,69.9900131,,4.8630276516585695e+20,69990.0131,
15.7799997,69.9463654,,4.869199130247672e+20,69946.36540000001,
15.7999992,69.9028168,,4.8753703311257934e+20,69902.8168,
15.8199997,69.8593369,,4.881541840571673e+20,69859.33690000001,
15.8399992,69.8159409,,4.887713041449793e+20,69815.9409,
15.8599997,69.7726212,,4.8938845508956724e+20,69772.62120000001,
15.8800001,69.7293777,,4.9000560294847755e+20,69729.3777,
15.8999996,69.6862183,,4.906227230362896e+20,69686.2183,
15.9200001,69.6431351,,4.912398739808776e+20,69643.1351,
15.9399996,69.6001282,,4.9185699406868965e+20,69600.1282,
15.96,69.5572052,,4.924741419276e+20,69557.2052,
15.9799995,69.5143509,,4.9309126201541204e+20,69514.35089999999,
16.0,69.4715881,,4.9370841296e+20,69471.58810000001,
16.0200005,69.428894,,4.9432556390458786e+20,69428.894,
16.039999,69.3862839,,4.949426531356242e+20,69386.2839,
16.0599995,69.3437424,,4.955598040802121e+20,69343.7424,
16.0799999,69.3012772,,4.961769519391224e+20,69301.2772,
16.1000004,69.2588882,,4.967941028837103e+20,69258.8882,
16.1199989,69.2165833,,4.9741119211474656e+20,69216.5833,
16.1399994,69.1743546,,4.980283430593345e+20,69174.3546,
16.1599998,69.1321945,,4.986454909182449e+20,69132.1945,
16.1800003,69.0901184,,4.992626418628327e+20,69090.11839999999,
16.1999989,69.048111,,4.998797341795466e+20,69048.111,
16.2199993,69.0061874,,5.00496882038457e+20,69006.1874,
16.2399998,68.964325,,5.011140329830448e+20,68964.325,
16.2600002,68.9225464,,5.0173118084195516e+20,68922.5464,
16.2799988,68.8808441,,5.023482731586691e+20,68880.8441,
16.2999992,68.8392105,,5.0296542101757926e+20,68839.21049999999,
16.3199997,68.7976532,,5.0358257196216726e+20,68797.6532,
16.3400002,68.7561646,,5.041997229067551e+20,68756.1646,
16.3599987,68.7147598,,5.0481681213779136e+20,68714.7598,
16.3799992,68.6734238,,5.0543396308237936e+20,68673.42379999999,
16.3999996,68.632164,,5.060511109412897e+20,68632.164,
16.4200001,68.5909729,,5.0666826188587755e+20,68590.9729,
16.4400005,68.5498581,,5.0728540974478787e+20,68549.8581,
16.4599991,68.508812,,5.079025020615018e+20,68508.812,
16.4799995,68.4678345,,5.0851964992041216e+20,68467.8345,
16.5,68.4269409,,5.0913680086499996e+20,68426.9409,
16.5200005,68.386116,,5.0975395180958784e+20,68386.116,
16.539999,68.3453598,,5.1037104104062425e+20,68345.35979999999,
16.5599995,68.3046722,,5.1098819198521206e+20,68304.6722,
16.5799999,68.264061,,5.1160533984412244e+20,68264.061,
16.6000004,68.2235184,,5.1222249078871025e+20,68223.5184,
16.6199989,68.1830521,,5.1283958001974654e+20,68183.0521,
16.6399994,68.1426468,,5.1345673096433454e+20,68142.64679999999,
16.6599998,68.1023178,,5.1407387882324486e+20,68102.31779999999,
16.6800003,68.0620575,,5.146910297678327e+20,68062.0575,
16.6999989,68.0218735,,5.1530812208454664e+20,68021.8735,
16.7199993,67.9817505,,5.1592526994345696e+20,67981.75050000001,
16.7399998,67.9417038,,5.165424208880448e+20,67941.7038,
16.7600002,67.9017258,,5.1715956874695515e+20,67901.7258,
16.7799988,67.8618164,,5.1777666106366906e+20,67861.8164,
16.7999992,67.8219681,,5.183938089225793e+20,67821.96810000001,
16.8199997,67.782196,,5.1901095986716724e+20,67782.196,
16.8400002,67.7424927,,5.196281108117551e+20,67742.4927,
16.8599987,67.7028656,,5.202452000427914e+20,67702.86559999999,
16.8799992,67.6632996,,5.2086235098737934e+20,67663.2996,
16.8999996,67.6238022,,5.2147949884628966e+20,67623.8022,
16.9200001,67.5843658,,5.220966497908775e+20,67584.3658,
16.9400005,67.5450058,,5.227137976497879e+20,67545.0058,
16.9599991,67.5057068,,5.2333088996650176e+20,67505.7068,
16.9799995,67.4664841,,5.2394803782541214e+20,67466.4841,
17.0,67.4273224,,5.2456518877e+20,67427.32239999999,
17.0200005,67.3882294,,5.251823397145878e+20,67388.2294,
17.039999,67.349205,,5.2579942894562424e+20,67349.205,
17.0599995,67.3102493,,5.2641657989021204e+20,67310.2493,
17.0799999,67.2713547,,5.270337277491224e+20,67271.3547,
17.1000004,67.2325287,,5.276508786937103e+20,67232.52870000001,
17.1199989,67.1937637,,5.282679679247466e+20,67193.76370000001,
17.1399994,67.1550674,,5.288851188693345e+20,67155.0674,
17.1599998,67.1164398,,5.2950226672824484e+20,67116.4398,
17.1800003,67.0778732,,5.301194176728327e+20,67077.8732,
17.1999989,67.0393753,,5.307365099895466e+20,67039.3753,
17.2199993,67.000946,,5.3135365784845694e+20,67000.946,
17.2399998,66.9625778,,5.319708087930448e+20,66962.5778,
17.2600002,66.9242706,,5.325879566519551e+20,66924.2706,
17.2799988,66.8860321,,5.3320504896866904e+20,66886.0321,
17.2999992,66.8478622,,5.338221968275793e+20,66847.86219999999,
17.3199997,66.8097458,,5.344393477721672e+20,66809.7458,
17.3400002,66.771698,,5.350564987167551e+20,66771.698,
17.3599987,66.7337189,,5.356735879477914e+20,66733.71889999999,
17.3799992,66.6958008,,5.362907388923793e+20,66695.8008,
17.3999996,66.6579437,,5.369078867512897e+20,66657.9437,
17.4200001,66.6201553,,5.375250376958775e+20,66620.1553,
17.4400005,66.5824203,,5.381421855547879e+20,66582.4203,
17.4599991,66.5447617,,5.387592778715018e+20,66544.76169999999,
17.4799995,66.5071564,,5.393764257304121e+20,66507.15639999999,
17.5,66.4696198,,5.39993576675e+20,66469.6198,
17.5200005,66.4321365,,5.4061072761958787e+20,66432.1365,
17.539999,66.3947296,,5.412278168506242e+20,66394.7296,
17.5599995,66.3573761,,5.418449677952121e+20,66357.3761,
17.5799999,66.3200836,,5.424621156541224e+20,66320.0836,
17.6000004,66.2828522,,5.430792665987103e+20,66282.8522,
17.6199989,66.2456894,,5.4369635582974657e+20,66245.6894,
17.6399994,66.20858,,5.443135067743345e+20,66208.58,
17.6599998,66.1715317,,5.449306546332449e+20,66171.5317,
17.6800003,66.134552,,5.455478055778327e+20,66134.552,
17.6999989,66.0976334,,5.461648978945466e+20,66097.6334,
17.7199993,66.0607681,,5.46782045753457e+20,66060.7681,
17.7399998,66.0239716,,5.473991966980448e+20,66023.97159999999,
17.7600002,65.9872284,,5.480163445569552e+20,65987.2284,
17.7799988,65.9505463,,5.486334368736691e+20,65950.5463,
17.7999992,65.9139252,,5.4925058473257927e+20,65913.9252,
17.8199997,65.8773651,,5.498677356771673e+20,65877.36510000001,
17.8400002,65.8408585,,5.504848866217551e+20,65840.8585,
17.8599987,65.8044281,,5.5110197585279137e+20,65804.42809999999,
17.8799992,65.7680435,,5.517191267973794e+20,65768.0435,
17.8999996,65.73172,,5.523362746562897e+20,65731.72,
17.9200001,65.6954575,,5.5295342560087756e+20,65695.4575,
17.9400005,65.6592484,,5.535705734597879e+20,65659.2484,
17.9599991,65.6231155,,5.541876657765018e+20,65623.1155,
17.9799995,65.5870209,,5.548048136354121e+20,65587.0209,
18.0,65.5509949,,5.5542196458e+20,65550.9949,
18.0200005,65.5150299,,5.5603911552458785e+20,65515.0299,
18.039999,65.4791183,,5.566562047556242e+20,65479.118299999995,
18.0599995,65.4432678,,5.572733557002121e+20,65443.2678,
18.0799999,65.4074631,,5.5789050355912245e+20,65407.4631,
18.1000004,65.371727,,5.5850765450371026e+20,65371.727000000006,
18.1199989,65.3360519,,5.5912474373474655e+20,65336.0519,
18.1399994,65.3004303,,5.597418946793345e+20,65300.4303,
18.1599998,65.2648621,,5.6035904253824487e+20,65264.8621,
18.1800003,65.2293549,,5.6097619348283274e+20,65229.354900000006,
18.1999989,65.1939011,,5.615932857995466e+20,65193.9011,
18.2199993,65.1585083,,5.6221043365845697e+20,65158.508299999994,
18.2399998,65.1231766,,5.6282758460304484e+20,65123.17659999999,
18.2600002,65.0878906,,5.6344473246195515e+20,65087.89059999999,
18.2799988,65.0526733,,5.6406182477866906e+20,65052.673299999995,
18.2999992,65.0175018,,5.646789726375793e+20,65017.501800000005,
18.3199997,64.9823837,,5.6529612358216725e+20,64982.3837,
18.3400002,64.9473267,,5.659132745267551e+20,64947.326700000005,
18.3599987,64.9123306,,5.665303637577914e+20,64912.3306,
18.3799992,64.877388,,5.6714751470237935e+20,64877.388,
18.3999996,64.8424911,,5.6776466256128967e+20,64842.49110000001,
18.4200001,64.8076553,,5.6838181350587754e+20,64807.65529999999,
18.4400005,64.7728729,,5.6899896136478786e+20,64772.872899999995,
18.4599991,64.7381592,,5.6961605368150177e+20,64738.1592,
18.4799995,64.7034836,,5.7023320154041215e+20,64703.4836,
18.5,64.668869,,5.7085035248499995e+20,64668.869,
18.5200005,64.6343155,,5.714675034295878e+20,64634.3155,
18.539999,64.5998077,,5.7208459266062424e+20,64599.8077,
18.5599995,64.5653534,,5.7270174360521205e+20,64565.35340000001,
18.5799999,64.5309601,,5.7331889146412243e+20,64530.960100000004,
18.6000004,64.4966125,,5.7393604240871024e+20,64496.612499999996,
18.6199989,64.462326,,5.745531316397465e+20,64462.326,
18.6399994,64.428093,,5.751702825843345e+20,64428.093,
18.6599998,64.3939133,,5.7578743044324485e+20,64393.91329999999,
18.6800003,64.359787,,5.764045813878327e+20,64359.787,
18.6999989,64.3257141,,5.770216737045466e+20,64325.7141,
18.7199993,64.291687,,5.7763882156345695e+20,64291.687,
18.7399998,64.2577209,,5.782559725080448e+20,64257.72089999999,
18.7600002,64.2238083,,5.7887312036695513e+20,64223.808300000004,
18.7799988,64.1899414,,5.7949021268366905e+20,64189.941399999996,
18.7999992,64.1561356,,5.801073605425793e+20,64156.1356,
18.8199997,64.1223755,,5.8072451148716723e+20,64122.3755,
18.8400002,64.0886688,,5.813416624317551e+20,64088.66879999999,
18.8599987,64.0550232,,5.819587516627914e+20,64055.023199999996,
18.8799992,64.0214233,,5.8257590260737933e+20,64021.423299999995,
18.8999996,63.9878731,,5.831930504662897e+20,63987.873100000004,
18.9200001,63.9543762,,5.838102014108775e+20,63954.3762,
18.9399986,63.9209366,,5.844272906419138e+20,63920.9366,
18.9599991,63.8875389,,5.850444415865018e+20,63887.5389,
18.9799995,63.8541985,,5.856615894454121e+20,63854.198500000006,
19.0,63.8209038,,5.8627874039e+20,63820.9038,
19.0200005,63.7876663,,5.868958913345878e+20,63787.6663,
19.039999,63.7544785,,5.875129805656242e+20,63754.4785,
19.0599995,63.721344,,5.881301315102121e+20,63721.344000000005,
19.0799999,63.6882515,,5.887472793691224e+20,63688.2515,
19.1000004,63.6552124,,5.893644303137103e+20,63655.212400000004,
19.1199989,63.6222305,,5.899815195447466e+20,63622.2305,
19.1399994,63.5892982,,5.905986704893346e+20,63589.298200000005,
19.1599998,63.5564079,,5.912158183482449e+20,63556.407900000006,
19.1800003,63.523571,,5.918329692928327e+20,63523.570999999996,
19.1999989,63.4907875,,5.924500616095465e+20,63490.787500000006,
19.2199993,63.4580498,,5.93067209468457e+20,63458.0498,
19.2399998,63.4253616,,5.936843604130448e+20,63425.361600000004,
19.2600002,63.3927269,,5.943015082719551e+20,63392.7269,
19.2799988,63.3601418,,5.949186005886691e+20,63360.1418,
19.2999992,63.3276062,,5.955357484475793e+20,63327.606199999995,
19.3199997,63.2951126,,5.961528993921672e+20,63295.1126,
19.3400002,63.2626762,,5.967700503367552e+20,63262.6762,
19.3599987,63.2302856,,5.973871395677914e+20,63230.2856,
19.3799992,63.1979408,,5.980042905123793e+20,63197.9408,
19.3999996,63.1656456,,5.986214383712896e+20,63165.645599999996,
19.4200001,63.1334,,5.992385893158776e+20,63133.4,
19.4399986,63.1012039,,5.998556785469138e+20,63101.2039,
19.4599991,63.0690536,,6.004728294915017e+20,63069.0536,
19.4799995,63.036953,,6.010899773504122e+20,63036.952999999994,
19.5,63.0049019,,6.01707128295e+20,63004.9019,
19.5200005,62.9728928,,6.023242792395878e+20,62972.892799999994,
19.539999,62.9409409,,6.029413684706243e+20,62940.9409,
19.5599995,62.9090309,,6.035585194152121e+20,62909.0309,
19.5799999,62.8771667,,6.041756672741224e+20,62877.166699999994,
19.6000004,62.8453522,,6.047928182187103e+20,62845.3522,
19.6199989,62.813591,,6.054099074497466e+20,62813.591,
19.6399994,62.781868,,6.060270583943345e+20,62781.868,
19.6599998,62.7501945,,6.066442062532448e+20,62750.1945,
19.6800003,62.7185707,,6.072613571978327e+20,62718.570700000004,
19.6999989,62.6869926,,6.078784495145466e+20,62686.992600000005,
19.7199993,62.6554604,,6.084955973734569e+20,62655.4604,
19.7399998,62.62397,,6.091127483180448e+20,62623.97,
19.7600002,62.5925255,,6.097298961769552e+20,62592.5255,
19.7799988,62.5611343,,6.10346988493669e+20,62561.1343,
19.7999992,62.529789,,6.109641363525793e+20,62529.789000000004,
